单品编码,单品名称,品类,n日,pearson_价_量
102900005115168,牛首生菜,花叶类,12,-0.45523521178913406
102900005115199,四川红香椿,花叶类,36,-0.26325250736969746
102900005115250,西峡花菇(1),食用菌,132,-0.11183778792076819
102900005115625,本地小毛白菜,花叶类,47,-0.18812554211410318
102900005115762,苋菜,花叶类,184,-0.561311625830472
102900005115779,云南生菜,花叶类,90,-0.22222297870487384
102900005115786,竹叶菜,花叶类,207,-0.6348083847476766
102900005115793,小白菜,花叶类,52,-0.12915231904583577
102900005115823,上海青,花叶类,197,-0.08832156636993473
102900005115878,茼蒿,花叶类,164,-0.16670860337939775
102900005115885,蔡甸藜蒿,花叶类,52,-0.19256555536138203
102900005115908,菜心,花叶类,110,-0.30308864494627896
102900005115946,木耳菜,花叶类,161,0.19743762113933838
102900005115960,大白菜,花叶类,29,-0.1426925393909009
102900005115977,豌豆尖,花叶类,13,-0.4489551505104115
102900005115984,云南油麦菜,花叶类,62,-0.11594587303919442
102900005116219,红尖椒,辣椒类,21,-0.1337273768462756
102900005116226,青尖椒,辣椒类,22,-0.09488351580518439
102900005116233,红椒(1),辣椒类,40,0.3131471921084485
102900005116257,紫茄子(2),茄类,296,0.040955834175561534
102900005116509,青茄子(1),茄类,175,0.06618623210125786
102900005116530,西峡香菇(1),食用菌,220,-0.23821315893848635
102900005116547,金针菇(1),食用菌,10,0.3477413456221665
102900005116639,马齿苋,花叶类,29,-0.40135568922556614
102900005116714,西兰花,花菜类,351,-0.37503930473124414
102900005116790,黄心菜(1),花叶类,40,-0.18352117946154856
102900005116806,黑油菜,花叶类,26,0.1050036724060037
102900005116899,净藕(1),水生根茎类,341,0.04812566101333812
102900005116943,红杭椒,辣椒类,15,-0.03215589754279629
102900005117209,七彩椒(1),辣椒类,21,-0.16281246336558058
102900005118817,菠菜,花叶类,108,0.039135647432186726
102900005118824,高瓜(1),水生根茎类,149,0.008699941476683718
102900005118831,娃娃菜,花叶类,229,-0.28428749385453767
102900005119975,红薯尖,花叶类,133,-0.40319866531657655
102900005122654,枝江红菜苔,花叶类,118,-0.07784515899845734
102900005123880,灯笼椒(1),辣椒类,12,0.3401526075880131
102900005125808,小米椒,辣椒类,30,-0.5858877453623724
102900011000328,螺丝椒,辣椒类,138,0.168844600415345
102900011000571,随州泡泡青,花叶类,42,-0.30124758380074
102900011000861,红线椒,辣椒类,12,-0.661624879499339
102900011001219,红灯笼椒(1),辣椒类,27,-0.6146058426528702
102900011001561,莲蓬(个),水生根茎类,67,-0.2036228953025262
102900011001691,菱角,水生根茎类,80,-0.21187972597746954
102900011006948,外地茼蒿,花叶类,35,0.13668571621132106
102900011007044,银耳(朵),食用菌,101,-0.23589308286625865
102900011007464,紫苏,花叶类,36,-0.4173870983646198
102900011007471,薄荷叶,花叶类,21,-0.02476880288320528
102900011007969,红莲藕带,水生根茎类,58,0.13947918873645535
102900011008164,奶白菜,花叶类,153,-0.3392093223732454
102900011008515,面条菜,花叶类,18,-0.42389183896229277
102900011008522,甜白菜,花叶类,71,-0.25904203117726093
102900011009277,荸荠,水生根茎类,42,-0.20549629216100976
102900011009970,青梗散花,花菜类,14,0.1524797931828068
102900011010891,野藕(1),水生根茎类,152,-0.003350304696590275
102900011012482,茶树菇(袋),食用菌,48,-0.08599476933571923
102900011013274,白玉菇(袋),食用菌,252,0.1384335261471917
102900011016701,芜湖青椒(1),辣椒类,355,-0.23390867718577676
102900011021842,洪湖莲藕(粉藕),水生根茎类,226,0.16335918460620022
102900011022764,长线茄,茄类,91,0.20064611761432394
102900011022849,本地黄心油菜,花叶类,112,-0.37428468285154715
102900011023464,小青菜(1),花叶类,210,-0.31681413511997797
102900011027479,小皱皮,辣椒类,26,-0.03614235083412679
102900011029305,水果辣椒,辣椒类,29,-0.3281987334900895
102900011030059,云南生菜(份),花叶类,315,0.04535780317292343
102900011030097,云南油麦菜(份),花叶类,322,-0.07914053854819633
102900011030110,菠菜(份),花叶类,264,-0.14339940918250174
102900011030134,菜心(份),花叶类,158,-0.026283652605916186
102900011030141,上海青(份),花叶类,173,-0.1323950216041356
102900011030905,鱼腥草(份),花叶类,130,0.11786499524827028
102900011030912,海鲜菇(份),食用菌,152,-0.08121610537205132
102900011030929,鲜木耳(份),食用菌,182,-0.1872335602604233
102900011031100,小米椒(份),辣椒类,350,-0.14154000463348568
102900011031216,冰草(盒),花叶类,23,0.1705304172794941
102900011031582,青尖椒(份),辣椒类,127,0.10166812701529483
102900011031926,虫草花(份),食用菌,227,0.19928111790504296
102900011031995,姬菇(份),食用菌,91,-0.06432702342571486
102900011032022,小皱皮(份),辣椒类,346,-0.30827928478764993
102900011032206,青杭椒(份),辣椒类,60,-0.08231923787826824
102900011032213,红杭椒(份),辣椒类,145,-0.17427602837575545
102900011032220,水果辣椒(份),辣椒类,18,-0.3913941534743831
102900011032237,青线椒(份),辣椒类,235,-0.06411276249871335
102900011032244,红尖椒(份),辣椒类,180,-0.08700010003265868
102900011032251,螺丝椒(份),辣椒类,327,-0.20682056291583292
102900011032343,七彩椒(2),辣椒类,235,-0.046994513497002906
102900011032350,灯笼椒(2),辣椒类,50,0.07910549524800546
102900011032367,红灯笼椒(2),辣椒类,130,-0.10291196477733183
102900011032480,白蒿,花叶类,14,-0.2648202259146182
102900011032619,西峡香菇(2),食用菌,64,0.014383807133823995
102900011032732,高瓜(2),水生根茎类,134,0.1379254004916276
102900011032787,竹叶菜(份),花叶类,37,-0.4014063046651189
102900011032848,姜蒜小米椒组合装(小份),辣椒类,331,0.15027566807287487
102900011033234,红薯尖(份),花叶类,37,-0.10164435173796696
102900011033906,保康高山大白菜,花叶类,192,-0.44414975371976545
102900011033920,黄心菜(2),花叶类,213,-0.06887856865124624
102900011033937,金针菇(2),食用菌,85,-0.3520065671978349
102900011033944,杏鲍菇(2),食用菌,285,-0.017378907906699236
102900011033975,青茄子(2),茄类,52,-0.4271858690415305
102900011033982,紫茄子(1),茄类,44,0.1756245666008587
102900011034026,枝江青梗散花,花菜类,335,-0.13174814397323464
102900011034200,苋菜(份),花叶类,42,0.04485271602082551
102900011034217,小白菜(份),花叶类,45,-0.24321933749793845
102900011034224,小青菜(份),花叶类,168,0.0362884648816776
102900011034231,奶白菜(份),花叶类,235,-0.2736402784588307
102900011034262,红椒(份),辣椒类,25,0.2070092151075358
102900011034330,双孢菇(盒),食用菌,258,0.03833593611228095
102900011034439,青红杭椒组合装(份),辣椒类,228,-0.04982041119236301
102900011034569,洪湖莲藕(脆藕),水生根茎类,12,-0.10502206673142059
102900011035078,红椒(2),辣椒类,288,-0.21931934735736802
102900011035481,外地茼蒿(份),花叶类,22,0.33956889119744343
102900011035511,净藕(3),水生根茎类,70,-0.01112957024784772
102900011035740,蟹味菇与白玉菇双拼(盒),食用菌,137,0.12880059276418476
102900011035764,龙牙菜,花叶类,63,-0.07802356494452004
102900011035771,黄白菜(1),花叶类,70,-0.20742173199191913
102900011035788,西峡香菇(份) ,食用菌,65,0.265069427404368
102900011036242,青红尖椒组合装(份),辣椒类,24,-0.13929560459004237
102900011036686,木耳菜(份),花叶类,25,-0.15461890684985424
102900051000463,圆茄子(2),茄类,94,-0.3492990131788757
102900051000944,洪湖藕带,水生根茎类,107,-0.23414057959529055
102900051004294,青线椒,辣椒类,33,-0.010549954771758371
102900051010455,黄白菜(2),花叶类,191,-0.33753612231567726
106930274620090,海鲜菇(袋)(2),食用菌,51,0.07502760709809403
106949711300259,金针菇(盒),食用菌,344,0.15047542304770511
106971533450003,海鲜菇(包),食用菌,70,0.05967964473804404
106971533455008,海鲜菇(袋)(3),食用菌,79,-0.23685775707849746
106972776821582,鲜粽叶(袋)(3),花叶类,31,0.05136225652508744
106973990980123,和丰阳光海鲜菇(包),食用菌,19,0.04209253040304138
