日期,品类,净销量_kg,加权均售价,加权均批发价,加成率,星期
2023-04-02,花叶类,185.98499999999999,5.324963841169989,3.542173723687395,0.5033039756239606,6
2023-04-02,花菜类,39.36200000000001,10.72192977999085,8.20153193435293,0.3073081792294173,6
2023-04-02,水生根茎类,27.875999999999998,8.3173626058258,5.058753049217965,0.6441527239823625,6
2023-04-02,茄类,20.488,8.929324482623974,5.8461099180007805,0.5273959278681462,6
2023-04-02,辣椒类,165.35099999999997,6.13810741997327,4.35369789115276,0.40986066866206905,6
2023-04-02,食用菌,109.447,6.125905689511819,4.104138258700559,0.49261679392140817,6
2023-04-03,花叶类,170.821,5.293461576738225,3.14628763442434,0.6824468045518485,0
2023-04-03,花菜类,16.457,10.745245184420002,8.020069271434647,0.339794560464921,0
2023-04-03,水生根茎类,29.721,11.820887587900812,7.18339490595875,0.64558509488253,0
2023-04-03,茄类,19.201,8.528514139888546,5.424310712983699,0.5722761086444748,0
2023-04-03,辣椒类,114.41,5.435336072021676,3.8464457652303117,0.4130801274137365,0
2023-04-03,食用菌,93.459,5.934638718582481,4.053420751345509,0.4641062654580116,0
2023-04-04,花叶类,169.641,5.017684404124004,2.982213203176119,0.6825371166555315,1
2023-04-04,花菜类,20.022,10.584796723604033,8.45757366896414,0.2515169406618281,1
2023-04-04,水生根茎类,14.977,8.315857648394203,5.033684983641584,0.6520417299491305,1
2023-04-04,茄类,20.162,8.679496081737922,5.43828191647654,0.595999658539468,1
2023-04-04,辣椒类,121.55199999999999,5.560989535342898,3.9345912860339607,0.41335888052259045,1
2023-04-04,食用菌,90.50699999999999,6.624042339266577,4.480846343376756,0.4783016045747092,1
2023-04-05,花叶类,217.27100000000002,4.625836858117283,2.6678222588380405,0.7339374251011939,2
2023-04-05,花菜类,45.417,10.319239491820245,9.057117378955017,0.1393514139275567,2
2023-04-05,水生根茎类,24.199,7.487251539319806,4.404973346006034,0.6997268657955577,2
2023-04-05,茄类,22.225,8.594105736782902,5.501635095613048,0.5621002824479873,2
2023-04-05,辣椒类,139.304,5.746950554183655,3.99083630046517,0.44003665435081707,2
2023-04-05,食用菌,115.412,6.036512667660207,4.043945690222855,0.49272842171318715,2
2023-04-06,花叶类,136.403,4.641484424829366,2.8196074866388567,0.6461455882862251,3
2023-04-06,花菜类,23.049999999999997,12.331349240780911,8.58647982646421,0.4361355864104773,3
2023-04-06,水生根茎类,9.889000000000001,14.260208312266155,8.19766407119021,0.7395453373580029,3
2023-04-06,茄类,12.387,8.444498264309356,5.4564930976023245,0.5476054149175066,3
2023-04-06,辣椒类,109.473,5.970993761018699,4.0255477606350425,0.48327485253255476,3
2023-04-06,食用菌,73.00399999999999,6.303076543751028,4.367203440907349,0.44327522842431955,3
2023-04-07,花叶类,131.26700000000002,4.122481659518387,2.659274074976955,0.5502281988569051,4
2023-04-07,花菜类,31.898999999999997,11.84472867488009,7.961951471832972,0.48766652456790704,4
2023-04-07,水生根茎类,16.628999999999998,11.695688255457334,7.1395922785495225,0.6381451207790015,4
2023-04-07,茄类,9.746,8.26103016622204,5.32446747383542,0.5515223272218246,4
2023-04-07,辣椒类,97.64500000000001,5.866538993292027,4.037818116647038,0.45289827917349057,4
2023-04-07,食用菌,88.025,6.170315251349048,4.33622948026129,0.4229678755325562,4
2023-04-08,花叶类,183.92600000000004,4.70093080912976,2.9934072942378984,0.570428059749412,5
2023-04-08,花菜类,35.691,11.453733434199096,7.8441298926900345,0.46016621230008703,5
2023-04-08,水生根茎类,20.729999999999997,9.751693198263387,5.760003859141342,0.6930011570716371,5
2023-04-08,茄类,19.815,8.414433509967198,5.433879888973,0.5485129745032918,5
2023-04-08,辣椒类,137.92000000000002,5.716669083526682,4.027971722737819,0.4192426057154773,5
2023-04-08,食用菌,128.85500000000002,6.235110783438749,4.268562337511156,0.4607051017261742,5
2023-04-09,花叶类,197.61599999999999,4.336036555744475,2.8746513946239176,0.5083695239894459,6
2023-04-09,花菜类,30.535999999999998,10.519992795389049,7.710400838354728,0.36438986972742676,6
2023-04-09,水生根茎类,30.084000000000003,11.61869432256349,7.031907990958647,0.6522819037880407,6
2023-04-09,茄类,15.846,9.114224409945727,6.31639025621608,0.4429482727062733,6
2023-04-09,辣椒类,136.063,6.2565752629296725,4.276118562724621,0.46314354271392344,6
2023-04-09,食用菌,83.908,6.278319111407732,4.376002526576727,0.4347156047734632,6
2023-04-10,花叶类,123.41100000000002,4.11696526241583,2.779028773772191,0.48144031514562335,0
2023-04-10,花菜类,18.365,10.115246392594608,7.579285597604137,0.3345910062806058,0
2023-04-10,水生根茎类,17.868,10.6986344302664,6.1617433400492505,0.7362999138131721,0
2023-04-10,茄类,12.818,9.098455297238258,6.269589639569355,0.45120427656302126,0
2023-04-10,辣椒类,73.788,6.042838944001734,4.33009107171898,0.39554546172693317,0
2023-04-10,食用菌,51.772999999999996,5.876333223881174,4.258875861935759,0.37978504525141116,0
2023-04-11,花叶类,158.881,3.9820091766794024,2.7163578401445103,0.4659368945542018,1
2023-04-11,花菜类,15.788,9.873961236382062,7.5379940461109705,0.3098924164680486,1
2023-04-11,水生根茎类,7.577,8.89351986274251,5.912361092780785,0.5042247459482527,1
2023-04-11,茄类,13.366000000000001,8.345054616190334,5.8469863833607665,0.42724030278888936,1
2023-04-11,辣椒类,85.563,6.484127485011045,4.4608389140165725,0.4535668312605998,1
2023-04-11,食用菌,62.404999999999994,5.865390593702429,4.111353897924847,0.42663237933929987,1
2023-04-12,花叶类,118.17999999999999,4.49078524284989,3.0993084278219674,0.4489636470306959,2
2023-04-12,花菜类,17.265,10.017700550246161,7.510860121633361,0.3337620975515712,2
2023-04-12,水生根茎类,19.088,10.302231768650461,6.1343917644593455,0.6794218830851682,2
2023-04-12,茄类,8.997999999999998,8.817515003334075,5.914293176261393,0.49088229828131347,2
2023-04-12,辣椒类,84.989,6.212451023073574,4.00296591323583,0.5519620096019476,2
2023-04-12,食用菌,63.48,5.448815374921234,3.854180844360429,0.41374149137141025,2
2023-04-13,花叶类,92.251,5.226920033387172,3.5214110416147246,0.48432545125160825,3
2023-04-13,花菜类,19.775000000000002,10.013426042983562,7.258162831858407,0.3796089003447844,3
2023-04-13,水生根茎类,15.052,9.433444060589954,5.421568562317301,0.7399842780108432,3
2023-04-13,茄类,9.198,9.065079365079363,5.6386529680365305,0.6076675433771143,3
2023-04-13,辣椒类,76.901,6.781428069856046,4.168215887959844,0.6269378199542474,3
2023-04-13,食用菌,51.532000000000004,6.652243266319957,4.597345338818598,0.44697489008502805,3
2023-04-14,花叶类,131.729,3.9011015038450156,2.672531257354113,0.4597028540303115,4
2023-04-14,花菜类,18.183,10.923912445691029,7.415297805642633,0.47315896569636523,4
2023-04-14,水生根茎类,26.337999999999997,10.986156883590251,6.6584023084516675,0.6499689226716239,4
2023-04-14,茄类,19.025,8.626207621550593,5.399809198423128,0.5975023013905102,4
2023-04-14,辣椒类,89.82199999999999,6.7796063325243265,4.4162057179755525,0.5351654260418349,4
2023-04-14,食用菌,83.023,5.057042024499235,3.6800019271768067,0.37419548265803604,4
2023-04-15,花叶类,208.16900000000004,4.221302883714674,2.8800432821409525,0.4657081405306739,5
2023-04-15,花菜类,20.852000000000004,10.932476501055053,7.380997026664109,0.48116527639302664,5
2023-04-15,水生根茎类,28.049000000000003,10.082584049342222,5.9155684694641515,0.7044150704007539,5
2023-04-15,茄类,16.674,9.180700491783616,5.846514333693175,0.570286151335624,5
2023-04-15,辣椒类,138.985,6.256833471237902,3.9708923984602644,0.575674393409407,5
2023-04-15,食用菌,106.142,5.801303913625145,4.024885530704151,0.44135873414770405,5
2023-04-16,花叶类,204.87399999999997,4.56474808906938,3.2999055028944615,0.3832966080590736,6
2023-04-16,花菜类,23.472,10.364008179959098,7.002453987730061,0.48005373517901967,6
2023-04-16,水生根茎类,16.458,11.689318264673718,7.635466034755135,0.5309240079736125,6
2023-04-16,茄类,20.901999999999997,9.087216534302934,5.4913046598411634,0.6548374379515455,6
2023-04-16,辣椒类,133.27400000000003,6.669533442381858,4.207454867416,0.5851705253057031,6
2023-04-16,食用菌,85.949,5.744027271986876,3.8372865303842985,0.49689819264333646,6
2023-04-17,花叶类,106.88399999999999,4.0943864376333226,3.044246472811647,0.3449589165005332,0
2023-04-17,花菜类,14.475000000000001,10.764490500863555,7.042880829015544,0.5284215028196381,0
2023-04-17,水生根茎类,7.066000000000001,12.681488819699972,8.722570053778657,0.4538706759031752,0
2023-04-17,茄类,9.19,8.910119695321,5.134075081610447,0.735486831354654,0
2023-04-17,辣椒类,68.456,7.161765221456117,4.188282838611662,0.7099526219748115,0
2023-04-17,食用菌,39.145,6.650622046238344,4.208838165793844,0.5801562769244532,0
2023-04-18,花叶类,182.60700000000003,3.95575635107088,2.882759587529504,0.3722116711303434,1
2023-04-18,花菜类,16.779000000000003,10.655223791644314,6.841846951546576,0.5573607341853412,1
2023-04-18,水生根茎类,15.097,9.247400145724317,5.992385242101079,0.5431918630254734,1
2023-04-18,茄类,16.152,8.360079247152056,4.564474987617633,0.8315533045598938,1
2023-04-18,辣椒类,78.486,7.332451647427566,4.753656830517544,0.5424865338100692,1
2023-04-18,食用菌,66.338,5.803500256263378,3.7070018692152322,0.5655509387406843,1
2023-04-19,花叶类,156.553,4.094596718044369,2.917316116586715,0.4035492056428504,2
2023-04-19,花菜类,19.102999999999998,10.803119928806996,6.987222949274982,0.5461249780111803,2
2023-04-19,水生根茎类,12.216000000000001,10.091781270464963,6.584076620825147,0.5327557456644868,2
2023-04-19,茄类,13.945,8.887199713158838,4.6184919325923275,0.9242644228611901,2
2023-04-19,辣椒类,76.65100000000001,6.711017468787101,4.170233917365722,0.6092664348733599,2
2023-04-19,食用菌,58.407000000000004,5.505009673498039,3.7760992689232458,0.4578561847680958,2
2023-04-20,花叶类,122.087,4.430868151400231,3.3686622654336653,0.3153197923300342,3
2023-04-20,花菜类,19.807000000000002,9.985358711566617,6.745583884485282,0.48028085967958334,3
2023-04-20,水生根茎类,12.171,10.921567660833128,7.235625667570454,0.5094157938245475,3
2023-04-20,茄类,10.306999999999999,8.423013485980402,4.330406519840885,0.9450860900444733,3
2023-04-20,辣椒类,70.384,5.976025801318482,4.007766395771767,0.49111131018595505,3
2023-04-20,食用菌,55.919,6.120549366047317,4.3731019868023395,0.39958989854767385,3
2023-04-21,花叶类,215.684,4.231005545149387,3.0427828211642955,0.39050526896639554,4
2023-04-21,花菜类,26.17,10.378234619793657,7.004188765762323,0.48171829270568056,4
2023-04-21,水生根茎类,28.933999999999997,8.783728485518767,6.288575032833345,0.3967756510271325,4
2023-04-21,茄类,30.95,8.25951534733441,4.302522132471728,0.9196915420838182,4
2023-04-21,辣椒类,125.53300000000002,5.874206782280355,3.6867908836720225,0.5933116272734403,4
2023-04-21,食用菌,89.49199999999999,5.150802306351408,3.538786036740714,0.45552804065413066,4
2023-04-22,花叶类,330.84999999999997,4.542396252077982,3.258603143418467,0.3939703769243714,5
2023-04-22,花菜类,40.02600000000001,10.226113026532753,6.845582371458552,0.49382659818231484,5
2023-04-22,水生根茎类,27.103,8.229221857358965,5.300702136294874,0.5524776993243937,5
2023-04-22,茄类,39.650999999999996,8.229401528334721,4.161852664497744,0.9773409084215751,5
2023-04-22,辣椒类,185.589,6.525813491101304,3.6249300335688,0.8002591582923709,5
2023-04-22,食用菌,158.36,5.379734781510483,3.502181106339984,0.5361098178993574,5
2023-04-23,花叶类,279.3519999999999,3.965191586242449,2.8073611071336533,0.4124266294659021,6
2023-04-23,花菜类,22.853,11.392893711985296,7.92361615542817,0.437840184141234,6
2023-04-23,水生根茎类,10.291,10.661043630356621,6.806082013409776,0.5663995246239399,6
2023-04-23,茄类,21.875999999999998,7.5934357286524055,3.544514993600293,1.142305997396692,6
2023-04-23,辣椒类,154.222,6.470214366303121,3.453482447381048,0.8735333000490025,6
2023-04-23,食用菌,81.715,5.0062167288747474,3.3225913235024165,0.5067205808500049,6
2023-04-24,花叶类,188.222,4.119528004165295,2.9326445367704097,0.4047143977094294,0
2023-04-24,花菜类,17.856,10.095592517921148,6.941019825268817,0.45448259363387694,0
2023-04-24,水生根茎类,13.280000000000001,8.374427710843372,5.427974397590361,0.542827415427941,0
2023-04-24,茄类,25.56500000000001,6.873616272247209,4.1073420692352824,0.6734949649633053,0
2023-04-24,辣椒类,73.395,6.97941685400913,3.752110906737516,0.8601307443968326,0
2023-04-24,食用菌,60.294000000000004,6.427445516966862,4.169490164858859,0.541542314007218,0
2023-04-25,花叶类,163.70399999999998,4.066687435859845,2.888301751942531,0.4079856556278405,1
2023-04-25,花菜类,15.889999999999999,9.953429830081815,6.613908118313404,0.5049241162757511,1
2023-04-25,水生根茎类,9.993,8.06408485940158,5.458481937356148,0.4773493714824809,1
2023-04-25,茄类,19.300000000000004,6.1094300518134705,4.144791191709844,0.4740018903806725,1
2023-04-25,辣椒类,70.19200000000001,6.291038864827899,3.3755526270800083,0.8637063496977402,1
2023-04-25,食用菌,68.882,4.988870822566127,3.418963735083186,0.45917629115909403,1
2023-04-26,花叶类,148.39,4.164392479277581,3.066510276972842,0.3580233239552459,2
2023-04-26,花菜类,21.236,9.59118478056131,6.6944904878508185,0.4326982461125938,2
2023-04-26,水生根茎类,4.702,17.87520204168439,12.492203317737134,0.4309086705548708,2
2023-04-26,茄类,18.526000000000003,6.000000000000002,4.172436575623448,0.43800867700510904,2
2023-04-26,辣椒类,47.263,5.845851934917378,3.511035693883164,0.6649935929452016,2
2023-04-26,食用菌,45.67399999999999,5.293265315058896,3.4157424355213033,0.5496675803224166,2
2023-04-27,花叶类,141.66699999999997,3.9543803426344892,2.8975445940127207,0.3647349382665373,3
2023-04-27,花菜类,14.240000000000002,10.202022471910109,7.177400280898875,0.4214091554933368,3
2023-04-27,水生根茎类,11.674999999999999,14.02871092077088,10.438413704496789,0.34395046200625473,3
2023-04-27,茄类,18.480000000000004,6.183658008658006,4.26004329004329,0.45154816222423133,3
2023-04-27,辣椒类,66.698,5.884728177756455,3.266951782662149,0.8012901840140266,3
2023-04-27,食用菌,62.808,5.317252579289263,3.689622341103044,0.44113735437205337,3
2023-04-28,花叶类,164.327,4.154041636493091,2.934934551230169,0.4153779459074946,4
2023-04-28,花菜类,22.805999999999997,10.069455406471983,7.340907655880032,0.37169078791045645,4
2023-04-28,水生根茎类,14.078,10.0447222616849,7.299357863332859,0.37611039899042814,4
2023-04-28,茄类,22.141000000000005,7.378393026511899,4.194002529244388,0.7592724313023308,4
2023-04-28,辣椒类,84.338,5.822923237449312,3.208234722189286,0.8149928984858605,4
2023-04-28,食用菌,81.778,5.499885054660177,3.8031255349849595,0.44614870165781356,4
2023-04-29,花叶类,169.132,4.80388690490268,3.295574344299127,0.45767820811347143,5
2023-04-29,花菜类,27.576999999999995,9.672698263045291,7.490172970228814,0.2913851658020928,5
2023-04-29,水生根茎类,24.692999999999998,8.02039444376949,5.4103875592273125,0.4824066401843729,5
2023-04-29,茄类,37.23400000000001,7.26521458881667,4.176917065048075,0.7393724787142859,5
2023-04-29,辣椒类,161.482,5.729301098574455,3.3656919037415935,0.7022654664870749,5
2023-04-29,食用菌,127.524,4.717803707537405,3.233988112041655,0.4588191248974626,5
2023-04-30,花叶类,132.24800000000002,4.906828080575886,3.5273761417942042,0.39107026960839575,6
2023-04-30,花菜类,25.487000000000002,10.095687997802798,7.722224663553968,0.3073548669790321,6
2023-04-30,水生根茎类,16.983,13.231254784195961,9.583581817111229,0.3806168754746696,6
2023-04-30,茄类,43.782999999999994,7.1962862298152235,4.477841171230844,0.6070883165865277,6
2023-04-30,辣椒类,117.50099999999998,6.502288491161781,3.896615177743169,0.6687017307487261,6
2023-04-30,食用菌,97.254,4.529185431961667,3.1632444937997404,0.43181642798692954,6
2023-05-01,花叶类,179.89000000000004,4.805535605092,3.5833872366446156,0.3410595304770273,0
2023-05-01,花菜类,29.388999999999996,9.98322501616251,7.756309503555752,0.28711019223586504,0
2023-05-01,水生根茎类,22.754,11.64895842489233,8.746409422519118,0.33185606368941584,0
2023-05-01,茄类,31.862000000000013,8.0,4.954051220890088,0.6148399851551495,0
2023-05-01,辣椒类,138.857,6.5254355199953915,3.8542543047883786,0.6930474753283506,0
2023-05-01,食用菌,83.717,4.835887573611094,3.262754995998423,0.48214854610353086,0
2023-05-02,花叶类,199.05700000000002,4.9381443506131415,3.698362579562638,0.3352245066239877,1
2023-05-02,花菜类,22.365,10.35171026156942,7.450414486921529,0.38941400907839824,1
2023-05-02,水生根茎类,20.191,10.058441880045567,7.00785746124511,0.4353091420124931,1
2023-05-02,茄类,35.967000000000006,8.0,5.372183946395307,0.48915228514614384,1
2023-05-02,辣椒类,103.643,6.975338421311618,4.497996873884391,0.5507655111569338,1
2023-05-02,食用菌,66.31200000000001,5.673219025214137,4.044664163349016,0.40264278963439665,1
2023-05-03,花叶类,252.366,4.939899986527504,3.5598388055443286,0.38767518878489005,2
2023-05-03,花菜类,32.371,10.380124185227517,6.684919217818417,0.5527673330082525,2
2023-05-03,水生根茎类,11.586000000000002,9.406559640945966,6.33319868807181,0.48527783577398936,2
2023-05-03,茄类,22.716999999999995,8.0,5.31,0.5065913370998117,2
2023-05-03,辣椒类,95.79500000000002,7.433453729317813,4.218261809071454,0.7622077684538276,2
2023-05-03,食用菌,72.027,5.574831660349591,3.7000013883682508,0.5067106941838648,2
2023-05-04,花叶类,121.428,5.31207299799058,3.806454359785223,0.39554359408904366,3
2023-05-04,花菜类,32.652,10.196159500183757,6.89096900649271,0.4796408880343067,3
2023-05-04,水生根茎类,9.037,10.289742171074472,7.200161558039173,0.4290987900939112,3
2023-05-04,茄类,25.655,8.0,5.809999999999999,0.37693631669535316,3
2023-05-04,辣椒类,76.54200000000002,7.290866452405214,4.723378667920879,0.5435701782543053,3
2023-05-04,食用菌,55.952,4.330922933943381,3.0090229124964254,0.43931204908979754,3
2023-05-05,花叶类,115.371,5.872545093654384,4.152846295862912,0.4141012393125759,4
2023-05-05,花菜类,28.675,10.343748910200523,7.154373496076722,0.44579380932135765,4
2023-05-05,水生根茎类,13.454,7.9993459194291665,5.349033001337892,0.4954751480180403,4
2023-05-05,茄类,22.323999999999995,8.0,5.839999999999999,0.3698630136986304,4
2023-05-05,辣椒类,66.977,7.972859339773355,5.20080669483554,0.5330043602063684,4
2023-05-05,食用菌,63.126,4.634264803725881,3.2809880239520957,0.4124601400232189,4
2023-05-06,花叶类,163.82699999999997,5.545332576437341,3.8280296898557635,0.4486127396379424,5
2023-05-06,花菜类,34.087,9.799967729632998,6.032738580690584,0.6244641796679957,5
2023-05-06,水生根茎类,17.781,8.253034137562567,5.592841797424218,0.47564233648867016,5
2023-05-06,茄类,23.097,8.0,6.47,0.23647604327666155,5
2023-05-06,辣椒类,94.505,7.295355801280356,4.59070641764986,0.589157558242441,5
2023-05-06,食用菌,99.697,4.576127666830497,2.9977642256035786,0.5265135355697048,5
2023-05-07,花叶类,238.132,5.232824651873752,3.5468557774679588,0.4753418182707667,6
2023-05-07,花菜类,54.15799999999999,10.52481627829684,6.475569998892131,0.6253111741665168,6
2023-05-07,水生根茎类,18.817999999999998,8.570049952173454,5.696840790732277,0.5043513180349651,6
2023-05-07,茄类,39.965999999999994,8.0,6.22,0.2861736334405145,6
2023-05-07,辣椒类,134.833,7.020343684409602,4.131968731690313,0.6990311738244223,6
2023-05-07,食用菌,115.423,4.791421120573889,3.2293345347114526,0.4837177966766494,6
2023-05-08,花叶类,142.34099999999998,5.795663933792793,3.9308539352681238,0.4744032796012478,0
2023-05-08,花菜类,17.863000000000003,11.328220343727253,7.53761070368919,0.5028927320673109,0
2023-05-08,水生根茎类,9.628,14.248442044038221,9.70679476526797,0.4678833114944171,0
2023-05-08,茄类,21.756999999999998,8.0,6.04,0.32450331125827814,0
2023-05-08,辣椒类,85.98400000000001,7.5111183475995515,4.36167147376256,0.7220733823678258,0
2023-05-08,食用菌,58.128,5.639172171758878,3.7784501445086707,0.4924564189246872,0
2023-05-09,花叶类,145.03300000000002,4.879449504595505,3.260321030386188,0.49661627156315025,1
2023-05-09,花菜类,25.810000000000002,9.994451762882605,6.504531576908175,0.5365367428400291,1
2023-05-09,水生根茎类,7.406,14.419389684039968,9.185598163651095,0.5697823295928442,1
2023-05-09,茄类,17.224000000000004,8.0,6.04,0.32450331125827814,1
2023-05-09,辣椒类,81.721,7.71886785526364,4.463694032133723,0.7292555895848193,1
2023-05-09,食用菌,49.033,5.99188709644525,3.9168154100299803,0.5297854172809708,1
2023-05-10,花叶类,159.328,5.151289164490862,3.394518854187588,0.517531463446157,2
2023-05-10,花菜类,26.422000000000004,10.000030277798805,6.509191961244418,0.5362936501702147,2
2023-05-10,水生根茎类,10.335999999999999,7.869736842105264,4.937999226006192,0.5937096143431829,2
2023-05-10,茄类,28.10600000000001,8.0,5.72,0.39860139860139865,2
2023-05-10,辣椒类,99.29,6.86137173934938,3.5529026085204953,0.9312017511807344,2
2023-05-10,食用菌,78.595,4.432169985368026,2.949934219734079,0.502464006050807,2
2023-05-11,花叶类,158.48399999999998,5.062701597637618,3.4738039802125136,0.4573941496053851,3
2023-05-11,花菜类,23.274,9.76430781129157,6.4474533814557,0.5144441120545168,3
2023-05-11,水生根茎类,9.517999999999999,15.29262450094558,10.248638369405342,0.49216158768932217,3
2023-05-11,茄类,13.908,8.0,4.59,0.7429193899782136,3
2023-05-11,辣椒类,75.742,7.073512714214041,3.663736104143011,0.9306829185145731,3
2023-05-11,食用菌,42.217,6.625468413198476,3.900147570883768,0.6987737752951626,3
2023-05-12,花叶类,142.70600000000002,5.2981234145726175,3.5400309727691894,0.49663193777882686,4
2023-05-12,花菜类,21.507,9.328869670339888,7.215623750406844,0.2928708581588516,4
2023-05-12,水生根茎类,16.347,17.383201810729798,12.014763565180155,0.4468201322835723,4
2023-05-12,茄类,24.49599999999999,7.000000000000003,4.51,0.5521064301552113,4
2023-05-12,辣椒类,88.881,7.57279396046399,3.9096623575342315,0.9369432109324253,4
2023-05-12,食用菌,67.92099999999999,5.6259477922881,3.3086058803610086,0.7003982933362379,4
2023-05-13,花叶类,179.071,5.378760379961022,3.630582338848836,0.4815145004166159,5
2023-05-13,花菜类,45.08699999999999,8.72847605740014,6.38605451682303,0.3668026219328974,5
2023-05-13,水生根茎类,20.655,17.57372064875333,11.779603969983052,0.4918770353854786,5
2023-05-13,茄类,33.20800000000001,6.9999999999999964,4.58,0.5283842794759818,5
2023-05-13,辣椒类,135.703,7.1403874637996205,3.5981455089423227,0.9844632314212725,5
2023-05-13,食用菌,95.606,6.398931029433299,3.7588843796414437,0.7023484585188774,5
2023-05-14,花叶类,199.509,5.316479958297621,3.5208640211719784,0.5099929807933741,6
2023-05-14,花菜类,43.641999999999996,8.58049585261904,6.016092067274644,0.4262574037544772,6
2023-05-14,水生根茎类,15.86,11.243203026481716,7.15484552332913,0.5714110094791095,6
2023-05-14,茄类,32.974000000000004,6.999999999999999,4.6,0.5217391304347825,6
2023-05-14,辣椒类,110.866,7.1933342954557755,3.7700248047192106,0.9080336783066686,6
2023-05-14,食用菌,97.67699999999999,5.970824247263941,3.471151857653286,0.7201276383513191,6
2023-05-15,花叶类,171.34999999999997,4.802944849722791,3.2827766559673197,0.4630739014767152,0
2023-05-15,花菜类,27.764000000000003,10.038989338712,6.476465927099842,0.5500721306515779,0
2023-05-15,水生根茎类,7.475,9.821966555183947,6.198366555183946,0.5846056324257617,0
2023-05-15,茄类,21.584,6.977436990363232,4.645785303928836,0.5018853722023209,0
2023-05-15,辣椒类,78.68700000000001,6.975092454916312,3.593511507618793,0.9410241041744407,0
2023-05-15,食用菌,61.585,5.84875213120078,3.3761904684582285,0.732352539301988,0
2023-05-16,花叶类,194.936,4.953582714326754,3.3148085525505806,0.49437973137701063,1
2023-05-16,花菜类,26.008999999999993,10.54175477719251,6.944302356876467,0.518043748016492,1
2023-05-16,水生根茎类,9.603,10.201395397271686,6.404671456836405,0.5928054180488248,1
2023-05-16,茄类,14.181000000000003,6.999999999999998,4.67,0.4989293361884365,1
2023-05-16,辣椒类,80.294,7.496794281017261,3.948119660248587,0.8988265113892818,1
2023-05-16,食用菌,57.535,5.496390023463979,3.200226992265578,0.7175000513238121,1
2023-05-17,花叶类,150.47799999999995,5.164838713964834,3.4507686837943097,0.496721219889422,2
2023-05-17,花菜类,19.914,10.199256804258308,6.786818318770714,0.5028038655535549,2
2023-05-17,水生根茎类,12.893,13.58762118979291,8.524086713720623,0.5940266266791812,2
2023-05-17,茄类,14.296000000000003,7.000000000000001,4.33,0.6166281755196307,2
2023-05-17,辣椒类,67.71700000000001,7.825975752026816,4.24609300471078,0.8431004086213784,2
2023-05-17,食用菌,54.7,6.006577696526508,3.5590736745886655,0.6876800667018248,2
2023-05-18,花叶类,112.688,5.244274456907567,3.352157283827915,0.5644476117537642,3
2023-05-18,花菜类,22.684,10.310628636924703,7.195815552812554,0.43286449760301243,3
2023-05-18,水生根茎类,8.812,12.289559691330005,7.966158647299138,0.5427209318128107,3
2023-05-18,茄类,11.594999999999999,7.000000000000001,4.02,0.7412935323383089,3
2023-05-18,辣椒类,53.891999999999996,7.156193869219922,4.112350812736586,0.7401710591071374,3
2023-05-18,食用菌,49.756,5.996092933515556,3.479733097515878,0.7231473694910867,3
2023-05-19,花叶类,141.327,4.799691495609474,3.257595505458971,0.4733847365537892,4
2023-05-19,花菜类,20.153000000000002,9.953277427678263,6.907762119783654,0.44088306098039054,4
2023-05-19,水生根茎类,9.66,10.75167701863354,7.0758685300207045,0.5194851307676966,4
2023-05-19,茄类,15.232000000000001,7.0,4.01,0.745635910224439,4
2023-05-19,辣椒类,71.713,7.936608425250653,4.271616722212152,0.8579870202260336,4
2023-05-19,食用菌,60.947,5.7418609611629785,3.281805503142074,0.749604282053154,4
2023-05-20,花叶类,177.822,4.619608372417361,3.12173122560763,0.47982258514846254,5
2023-05-20,花菜类,27.242,10.06823654650907,7.330847955363042,0.3734068156663147,5
2023-05-20,水生根茎类,11.094000000000001,16.482170542635657,10.755407427438255,0.5324543169408705,5
2023-05-20,茄类,33.824999999999996,7.0,3.9599999999999995,0.7676767676767678,5
2023-05-20,辣椒类,92.262,6.92384296893629,3.6123277188875162,0.916726141079087,5
2023-05-20,食用菌,82.75399999999999,5.799067114580565,3.441385310679846,0.6850967244452374,5
2023-05-21,花叶类,197.446,5.47921355712448,3.388349219533442,0.6170746290073783,6
2023-05-21,花菜类,29.130000000000003,10.249639546858907,7.593427394438724,0.34980411538082795,6
2023-05-21,水生根茎类,13.615000000000002,17.041733382298933,11.20610062431142,0.5207549845953748,6
2023-05-21,茄类,38.275999999999996,7.000000000000001,3.79,0.8469656992084434,6
2023-05-21,辣椒类,117.485,7.036244626973656,3.698629186704686,0.9023925545892956,6
2023-05-21,食用菌,94.75999999999999,6.841355002110595,3.8765208948923604,0.7648182965103196,6
2023-05-22,花叶类,154.17999999999998,4.858906472953692,3.0070867816837468,0.6158185066521636,0
2023-05-22,花菜类,14.808,10.520529443544032,8.102593192868719,0.29841511144893645,0
2023-05-22,水生根茎类,8.411000000000001,9.694400190227082,6.338091784567828,0.5295455666690236,0
2023-05-22,茄类,25.981,6.949378391901773,3.7615253454447477,0.847489450075766,0
2023-05-22,辣椒类,90.84800000000003,6.908365621697779,3.636639661852765,0.8996563487343594,0
2023-05-22,食用菌,70.154,5.658038030618354,3.430123300168202,0.6495144738210731,0
2023-05-23,花叶类,150.721,4.63001307050776,2.9116650632625842,0.5901599153440159,1
2023-05-23,花菜类,20.181,10.72569248302859,8.1290976661216,0.31941980814530274,1
2023-05-23,水生根茎类,14.636999999999999,10.918712850994057,7.171309694609552,0.5225549189712598,1
2023-05-23,茄类,23.021999999999995,7.0,3.47,1.0172910662824206,1
2023-05-23,辣椒类,69.36100000000002,7.388347918859298,3.796046769798589,0.9463268939785244,1
2023-05-23,食用菌,49.994,6.491715005800696,3.784014081689803,0.7155631204474092,1
2023-05-24,花叶类,135.51000000000002,4.843214522913438,3.04976201018375,0.5880631035277506,2
2023-05-24,花菜类,15.922999999999998,11.228788544872199,8.494110406330465,0.3219499167921859,2
2023-05-24,水生根茎类,9.414,14.625663904822606,9.469327597195667,0.5445303538927075,2
2023-05-24,茄类,15.749000000000002,7.000000000000001,3.27,1.140672782874618,2
2023-05-24,辣椒类,62.956,7.418520871719931,4.506934366859395,0.6460237198638066,2
2023-05-24,食用菌,47.818000000000005,6.207562005939185,3.749580492701493,0.6555350706624701,2
2023-05-25,花叶类,114.768,5.202422277986896,3.3300385996096478,0.5622708633457678,3
2023-05-25,花菜类,14.565000000000001,9.024812907655338,7.974479917610711,0.13171178570844344,3
2023-05-25,水生根茎类,13.962,15.245867354247244,9.972905027932962,0.5287288218974632,3
2023-05-25,茄类,21.865,7.559249942831008,3.855001600731763,0.9608941125721189,3
2023-05-25,辣椒类,76.118,6.846380619564361,4.106606847263459,0.6671624224575137,3
2023-05-25,食用菌,50.69,5.422371276385875,3.3444466364174397,0.6213059635462749,3
2023-05-26,花叶类,154.12,5.081088762003633,3.2864714508175448,0.5460620419324372,4
2023-05-26,花菜类,24.235999999999997,10.436144578313256,8.436506024096385,0.23702212130300085,4
2023-05-26,水生根茎类,20.081,14.787988645983766,9.50942034759225,0.5550883340358416,4
2023-05-26,茄类,18.213,8.346895074946467,4.1927579201669145,0.9907886965756838,4
2023-05-26,辣椒类,90.26,7.321535563926436,3.8039957899401733,0.9246960218222493,4
2023-05-26,食用菌,53.736,7.54694804228078,4.704672100640167,0.6041390092316664,4
2023-05-27,花叶类,272.53700000000003,4.992772357514759,3.345102206305932,0.49256197556617676,5
2023-05-27,花菜类,41.27899999999999,10.402572736742657,8.496037936965529,0.2244028115131125,5
2023-05-27,水生根茎类,24.969999999999995,13.624509411293555,9.49482579094914,0.4349404308482417,5
2023-05-27,茄类,24.313,7.0,3.32,1.108433734939759,5
2023-05-27,辣椒类,127.65799999999999,6.757633677482024,3.7892886462266375,0.7833515227749291,5
2023-05-27,食用菌,91.754,5.860191381302178,3.43974104671186,0.7036722537308705,5
2023-05-28,花叶类,262.277,5.159050164520718,3.4420324313607367,0.49883833676755723,6
2023-05-28,花菜类,36.971000000000004,10.792339942116794,8.598935381785724,0.2550786187993856,6
2023-05-28,水生根茎类,22.807,13.000903231464024,8.544582803525234,0.5215375086657535,6
2023-05-28,茄类,38.880999999999986,6.000000000000003,3.776294591188499,0.5888590932498318,6
2023-05-28,辣椒类,131.518,6.762996700071474,3.8483872169588955,0.7573586852873359,6
2023-05-28,食用菌,109.635,5.4101336252109276,3.1758562502850367,0.7035196806295505,6
2023-05-29,花叶类,146.434,5.095645819959844,3.398179247988855,0.49952237598284466,0
2023-05-29,花菜类,16.311999999999998,13.136598822952429,8.9775404610103,0.4632736972899239,0
2023-05-29,水生根茎类,12.75,13.31827450980392,9.431654901960785,0.4120824657224397,0
2023-05-29,茄类,28.536,7.561185870479394,4.839761354079059,0.5623055182476422,0
2023-05-29,辣椒类,61.99499999999999,6.965142350189532,4.233217033631745,0.6453544183663137,0
2023-05-29,食用菌,53.849000000000004,4.900295270107151,2.914538802948987,0.6813278537067122,0
2023-05-30,花叶类,156.287,4.9362007076724215,3.3404122543781627,0.47772200907319573,1
2023-05-30,花菜类,14.652,13.78125853125853,9.818139503139504,0.4036527518122712,1
2023-05-30,水生根茎类,8.852,14.124853140533212,10.058111161319475,0.40432462059608415,1
2023-05-30,茄类,23.885999999999992,8.794247676463202,5.407316001004774,0.6263609662962323,1
2023-05-30,辣椒类,59.897000000000006,6.668794764345458,3.7412474748317943,0.7825056506440504,1
2023-05-30,食用菌,46.299,5.850579926132315,3.4472666796259097,0.6971648757870996,1
2023-05-31,花叶类,136.132,5.309963858607822,3.4959543678194693,0.5188882061752437,2
2023-05-31,花菜类,16.723000000000003,13.65807570412007,9.847629013932908,0.3869405198749828,2
2023-05-31,水生根茎类,7.859999999999999,15.469414758269718,11.303007633587788,0.36861048490324994,2
2023-05-31,茄类,17.471000000000004,6.6513422242573395,3.8719798523267124,0.7178142650356198,2
2023-05-31,辣椒类,61.96000000000001,7.200468043899289,3.8439410910264677,0.8731993736086394,2
2023-05-31,食用菌,46.711,5.39410417246473,3.1548243454432576,0.7097954059647813,2
2023-06-01,花叶类,136.982,5.1611919814282174,3.5237847308405486,0.4646728945320927,3
2023-06-01,花菜类,19.364,13.69040487502582,9.921799215038215,0.37983087324279113,3
2023-06-01,水生根茎类,9.741,15.45291037881121,11.135804332204087,0.3876779725845494,3
2023-06-01,茄类,18.475,9.00558592692828,5.759975101488498,0.5634765373553521,3
2023-06-01,辣椒类,67.854,7.268031361452532,3.684561853391105,0.9725632654974601,3
2023-06-01,食用菌,44.867000000000004,5.3827534713709415,3.0876813693806135,0.743299527195294,3
2023-06-02,花叶类,161.142,5.298345558575665,3.4422916433952664,0.5391913607150672,4
2023-06-02,花菜类,16.171999999999997,13.791305960920111,10.18113282216176,0.3545944446279998,4
2023-06-02,水生根茎类,11.988,16.100934267600934,11.475534701368035,0.40306614781806116,4
2023-06-02,茄类,22.501,8.905586418381406,5.78135371761255,0.5403981235832477,4
2023-06-02,辣椒类,72.84700000000001,6.98530618968523,3.8948459099207917,0.7934743379430094,4
2023-06-02,食用菌,68.385,5.144046208963955,3.0161257585727856,0.7055144979757375,4
2023-06-03,花叶类,222.08100000000002,5.393065593184469,3.4208122261697307,0.5765453455546906,5
2023-06-03,花菜类,33.242999999999995,13.751707126312308,9.884804620521614,0.3911966552948055,5
2023-06-03,水生根茎类,29.041,14.269226266313144,9.89400571605661,0.44220921998823526,5
2023-06-03,茄类,39.39900000000001,8.487352470874892,5.166982156907534,0.642613079189462,5
2023-06-03,辣椒类,123.664,6.536456850821582,3.7460557640056926,0.7448904294558839,5
2023-06-03,食用菌,94.541,5.3361398758210745,3.190803249383866,0.6723500193412009,5
2023-06-04,花叶类,215.28500000000003,5.298163829342498,3.4907307058085797,0.5177807387222245,6
2023-06-04,花菜类,25.117,13.813472946609865,9.644302265397938,0.4322936555161879,6
2023-06-04,水生根茎类,21.047000000000004,11.880667078443484,7.920678481493797,0.49995573058570275,6
2023-06-04,茄类,34.741,8.788451685328575,5.400621743760975,0.6273036887801601,6
2023-06-04,辣椒类,123.698,6.3255444712121465,3.670409707513461,0.7233892059144048,6
2023-06-04,食用菌,95.926,5.010362154160499,2.9955966057169063,0.6725757215102128,6
2023-06-05,花叶类,145.14200000000002,5.4253462126744845,3.550058907828195,0.5282411795227155,0
2023-06-05,花菜类,22.57,13.677270713336288,9.321360212671687,0.46730417034448135,0
2023-06-05,水生根茎类,12.58,12.641653418124006,9.172693958664546,0.3781832769186281,0
2023-06-05,茄类,19.988999999999997,8.005593076191907,5.024786632647957,0.5932205009813776,0
2023-06-05,辣椒类,74.896,5.862188901944031,3.7017426831873532,0.5836294966068373,0
2023-06-05,食用菌,49.192,5.562042608554238,3.2835664335664343,0.693902870883305,0
2023-06-06,花叶类,152.439,5.480163212826115,3.5885707069713133,0.5271158520522146,1
2023-06-06,花菜类,21.351,13.947309259519466,9.890941407896586,0.41010938032495237,1
2023-06-06,水生根茎类,14.407999999999998,12.886785119378125,9.247508328706274,0.3935413368998809,1
2023-06-06,茄类,19.081000000000003,8.24282794402809,5.076067816152193,0.623860878650828,1
2023-06-06,辣椒类,84.74500000000002,5.777131394182548,3.650563219068971,0.5825315293830003,1
2023-06-06,食用菌,56.608000000000004,4.771269078575466,2.885521481062747,0.6535205542182247,1
2023-06-07,花叶类,135.735,5.303569455188418,3.4920898073451947,0.5187379900806078,2
2023-06-07,花菜类,11.835000000000004,15.199999999999994,9.94,0.5291750503018103,2
2023-06-07,水生根茎类,14.142000000000001,15.18820534577853,11.32137462876538,0.34155134370240653,2
2023-06-07,茄类,17.873,9.545258210708887,5.255888211268393,0.8161075401573942,2
2023-06-07,辣椒类,66.12100000000001,7.237458598629785,4.0417080806400385,0.7906930570511843,2
2023-06-07,食用菌,44.446,5.397651082212123,3.254961076362328,0.6582843713278496,2
2023-06-08,花叶类,119.287,5.240275973073343,3.5538470244033293,0.47453616801447884,3
2023-06-08,花菜类,15.445999999999998,15.021105787906258,10.070950407872589,0.49152812590200723,3
2023-06-08,水生根茎类,9.254000000000001,14.717224983790793,10.7875189107413,0.36428265902149415,3
2023-06-08,茄类,24.508999999999997,9.33379574850055,5.639657676771799,0.655028777179844,3
2023-06-08,辣椒类,76.363,6.79755378913872,3.8565157209643415,0.7626153452938491,3
2023-06-08,食用菌,49.993,4.933330666293281,3.051127157802093,0.6168879273609331,3
2023-06-09,花叶类,140.024,5.153707935782438,3.5252056790264525,0.46195950109944367,4
2023-06-09,花菜类,13.684000000000001,14.868167202572346,10.552408652440805,0.40898326555362247,4
2023-06-09,水生根茎类,15.815999999999999,11.840819423368742,9.128421219018714,0.29713771300330133,4
2023-06-09,茄类,21.798,8.712267180475273,5.580197724561886,0.5612828810934818,4
2023-06-09,辣椒类,74.29600000000002,6.149479110584687,3.763961451491331,0.6337784511975227,4
2023-06-09,食用菌,55.465,4.194176507707563,2.8837104480302895,0.454437462877864,4
2023-06-10,花叶类,240.23499999999999,5.364342414718921,3.6207210439777713,0.48156744183351524,5
2023-06-10,花菜类,26.766000000000002,14.572001793319878,10.451711126055445,0.3942216367799157,5
2023-06-10,水生根茎类,19.118,11.6434721205147,8.772532691704154,0.32726460301772176,5
2023-06-10,茄类,38.115999999999985,8.069682023297306,5.401542659250708,0.49395876925587706,5
2023-06-10,辣椒类,146.968,5.610781938925482,3.53086025529367,0.5890693862815649,5
2023-06-10,食用菌,98.844,4.275100157824451,3.1183201812957795,0.37096254049447425,5
2023-06-11,花叶类,213.90799999999996,5.367939488004189,3.678920376984499,0.4591072754893729,6
2023-06-11,花菜类,25.47200000000001,14.359461369346727,10.011396435301508,0.4343115330757822,6
2023-06-11,水生根茎类,21.247,14.322469054454745,11.154659010683863,0.2839898593705798,6
2023-06-11,茄类,43.30299999999999,8.33591206151999,5.500076899983835,0.5155991839940437,6
2023-06-11,辣椒类,119.69000000000003,5.975363856629624,3.727349151975938,0.6031135300168945,6
2023-06-11,食用菌,79.626,4.773214779092255,3.400592771205385,0.40364198251245653,6
2023-06-12,花叶类,127.39899999999999,5.0700366564886705,3.5062484006938823,0.4460004189906558,0
2023-06-12,花菜类,17.143,13.529440587995099,9.228395263372805,0.46606643970842904,0
2023-06-12,水生根茎类,10.351,13.80801854893247,9.799049367210896,0.40911817376246634,0
2023-06-12,茄类,23.086999999999996,7.5904361762030605,5.369836271494781,0.413532143707268,0
2023-06-12,辣椒类,67.12,6.187514898688915,3.7000458879618594,0.6722805840922307,0
2023-06-12,食用菌,36.153999999999996,5.133263262709521,3.824816064612491,0.3420941493639105,0
2023-06-13,花叶类,140.865,5.506983281865615,3.6996455471550784,0.4885164569617562,1
2023-06-13,花菜类,10.189000000000004,15.199999999999996,10.36,0.46718146718146686,1
2023-06-13,水生根茎类,12.054000000000002,14.824556163928982,10.991679110668658,0.3487071460756243,1
2023-06-13,茄类,17.659,7.4151424202956,5.300025482756668,0.3990767486723119,1
2023-06-13,辣椒类,84.89099999999999,5.367914148731903,3.1869603373738093,0.6843366658134479,1
2023-06-13,食用菌,54.24,4.9461651917404135,3.6425884955752212,0.3578709749258507,1
2023-06-14,花叶类,115.60500000000002,5.501170364603606,3.533207214220837,0.5569905842096938,2
2023-06-14,花菜类,9.174999999999999,15.13358038147139,10.333734059945506,0.46448324426409665,2
2023-06-14,水生根茎类,7.284,14.730477759472818,10.711120263591434,0.3752508978490075,2
2023-06-14,茄类,28.360999999999994,6.839166460985158,4.542230527837524,0.5056845792107265,2
2023-06-14,辣椒类,82.127,5.636728481498167,3.4595433901153094,0.6293272972391569,2
2023-06-14,食用菌,43.778,5.160491571108776,3.738105897939604,0.3805097319348744,2
2023-06-15,花叶类,118.42,5.012643134605641,3.298428390474582,0.5197065211667111,3
2023-06-15,花菜类,9.804,14.595389636882905,10.280496736026112,0.4197163825494971,3
2023-06-15,水生根茎类,16.733,11.802713201458197,8.972440088447978,0.3154407368686915,3
2023-06-15,茄类,15.908000000000001,8.452476741262256,5.369283379431732,0.5742280941328971,3
2023-06-15,辣椒类,63.624,6.161833584810762,3.9643698918647043,0.5543033957188203,3
2023-06-15,食用菌,34.885999999999996,5.907584704465976,4.286292495556957,0.3782504835098404,3
2023-06-16,花叶类,172.10999999999999,5.229246412178259,3.312597118122132,0.5785941440239648,4
2023-06-16,花菜类,22.692,13.676626123744052,9.13961572360303,0.49641150540106466,4
2023-06-16,水生根茎类,15.49,16.480606843124598,9.60534086507424,0.71577532485592,4
2023-06-16,茄类,24.133,8.115576181991464,4.938321385654499,0.6433876105282826,4
2023-06-16,辣椒类,86.159,5.754245058554532,3.609340057335856,0.5942651474081064,4
2023-06-16,食用菌,58.503,4.623113344614806,3.3437054510025126,0.3826317575995518,4
2023-06-17,花叶类,244.33400000000003,5.296606284839605,3.253429322157374,0.6280071765405326,5
2023-06-17,花菜类,26.791000000000004,15.199999999999996,9.869999999999997,0.5400202634245187,5
2023-06-17,水生根茎类,22.626,13.82582869265447,10.198069035622735,0.3557300548132845,5
2023-06-17,茄类,46.627999999999986,7.174496010980529,4.581804066226303,0.565867048716825,5
2023-06-17,辣椒类,169.193,5.218598878204181,3.2884473943957486,0.5869491745855028,5
2023-06-17,食用菌,93.35,5.679700053561865,3.7833958221746116,0.5012175094852486,5
2023-06-18,花叶类,253.44700000000003,5.135101224319088,3.2701833913993843,0.5702792809187573,6
2023-06-18,花菜类,23.097999999999995,15.076249025889695,9.780406095765867,0.5414747484172976,6
2023-06-18,水生根茎类,23.373,15.337059855388695,10.712936294014462,0.4316392289159627,6
2023-06-18,茄类,54.553000000000004,6.894469598372226,4.445943027881143,0.5507327815799761,6
2023-06-18,辣椒类,149.87699999999998,5.240852165442331,3.2830562394496825,0.5963333501471852,6
2023-06-18,食用菌,72.039,6.333180638265384,4.2014519912825,0.5073790326310905,6
2023-06-19,花叶类,128.701,4.898732721579474,3.220687407246253,0.5210208573976388,0
2023-06-19,花菜类,12.362999999999998,15.200000000000005,9.56,0.5899581589958163,0
2023-06-19,水生根茎类,11.509999999999998,17.372649869678543,13.544913987836663,0.2825958057230329,0
2023-06-19,茄类,21.207,7.651247229688311,4.820419201207148,0.5872576450969774,0
2023-06-19,辣椒类,77.04899999999999,5.405077288478761,3.4112453114251964,0.5844880080525651,0
2023-06-19,食用菌,43.293,5.93703370059825,4.007825745501582,0.48136023809468964,0
2023-06-20,花叶类,126.22799999999998,4.912282536362772,3.411825268561651,0.43978139256635507,1
2023-06-20,花菜类,13.918999999999999,15.052661829154392,9.434378906530641,0.5955116895649248,1
2023-06-20,水生根茎类,11.657000000000002,19.033164622115464,13.217489920219611,0.4399984215610602,1
2023-06-20,茄类,21.591999999999995,7.131530196369027,4.376985920711375,0.6293244542148234,1
2023-06-20,辣椒类,66.666,5.8959169591695915,3.4713332133321333,0.6984589484309689,1
2023-06-20,食用菌,39.223,5.2354995793284544,3.6975448078933275,0.4159394547841532,1
2023-06-21,花叶类,126.263,4.483514568796875,3.0148563712251413,0.4871403532152074,2
2023-06-21,花菜类,16.697000000000003,13.199999999999998,9.37,0.4087513340448238,2
2023-06-21,水生根茎类,27.178,16.786238869674,12.816657958643018,0.309720437561811,2
2023-06-21,茄类,24.123000000000005,7.273266177506944,4.412439995025494,0.6483546939350323,2
2023-06-21,辣椒类,91.365,4.777437749685328,2.6637566901986545,0.7934962931351819,2
2023-06-21,食用菌,63.364000000000004,4.454201123666435,3.094949813774383,0.43918363517319986,2
2023-06-22,花叶类,171.919,4.998470209808107,2.951643739202764,0.693453089686965,3
2023-06-22,花菜类,17.912,14.000000000000002,9.2,0.5217391304347829,3
2023-06-22,水生根茎类,38.77,16.51372194996131,12.71712458086149,0.2985421228642733,3
2023-06-22,茄类,33.86599999999999,7.963237465304437,5.217174156971595,0.526350707434855,3
2023-06-22,辣椒类,114.288,5.457815343693127,3.1303183186336274,0.7435336563712294,3
2023-06-22,食用菌,77.476,6.339046930662397,4.243321802880892,0.4938878607695194,3
2023-06-23,花叶类,178.71800000000002,4.787383475643192,3.131810505936727,0.528631271454044,4
2023-06-23,花菜类,9.279000000000002,13.999999999999995,9.27,0.5102481121898592,4
2023-06-23,水生根茎类,18.677,15.780682122396533,12.558743374203566,0.25654945341195745,4
2023-06-23,茄类,25.397999999999996,7.399165288605404,4.635321678872352,0.5962571319118071,4
2023-06-23,辣椒类,88.349,5.286839692582826,3.0707988771802737,0.7216496110736523,4
2023-06-23,食用菌,55.417,5.278308100402404,3.3959831820560478,0.5542798115998708,4
2023-06-24,花叶类,161.495,5.021220471222018,3.408872720517663,0.47298561222300733,5
2023-06-24,花菜类,11.548,14.0,8.695083997228958,0.6101052047871728,5
2023-06-24,水生根茎类,16.054,16.090718823969105,11.727351438893736,0.37206758983995913,5
2023-06-24,茄类,28.369,7.505869082449152,4.6844358278402485,0.6022994781657028,5
2023-06-24,辣椒类,94.187,5.782976419251063,3.3397953008376953,0.73153618660418,5
2023-06-24,食用菌,54.18,5.4562569213732015,3.7437799926172013,0.45741922125045653,5
2023-06-25,花叶类,108.89500000000001,4.800775058542631,3.442095229349373,0.39472464840842786,6
2023-06-25,花菜类,10.681,13.999999999999998,8.15,0.7177914110429445,6
2023-06-25,水生根茎类,16.5,15.560751515151516,12.986256363636365,0.19824767657630396,6
2023-06-25,茄类,23.314999999999998,6.69440274501394,4.204238473085996,0.592298531082161,6
2023-06-25,辣椒类,69.65800000000002,5.535186195411868,3.115011915357891,0.7769390120538009,6
2023-06-25,食用菌,35.271,5.647812650619489,3.7999376258115736,0.48629088337029075,6
2023-06-26,花叶类,80.524,5.347029457056282,3.464859793353534,0.5432166886848405,0
2023-06-26,花菜类,8.082999999999998,14.000000000000004,7.940000000000001,0.7632241813602016,0
2023-06-26,水生根茎类,10.384,17.96440677966102,12.99875096302003,0.38201022781094246,0
2023-06-26,茄类,21.224,6.359310214851112,4.040007538635507,0.5740837496058084,0
2023-06-26,辣椒类,72.185,5.895476899632889,3.193374523793032,0.8461589317842834,0
2023-06-26,食用菌,39.582,5.473902278813602,3.639007629730685,0.5042294042177411,0
2023-06-27,花叶类,127.27799999999999,5.0447807162274705,3.4388060780339096,0.4670151796148258,1
2023-06-27,花菜类,14.272000000000002,12.000000000000002,7.8,0.5384615384615388,1
2023-06-27,水生根茎类,16.454,15.98660508083141,13.445782180624771,0.18896802477344435,1
2023-06-27,茄类,8.415,7.976708259061202,4.7767118241235895,0.6699161583867861,1
2023-06-27,辣椒类,67.12,6.299712455303933,3.4454691597139453,0.8284048305998932,1
2023-06-27,食用菌,38.708,5.009093727394855,3.529110261444662,0.4193644732835161,1
2023-06-28,花叶类,130.182,4.842749381634943,3.51224024826781,0.37882064987533864,2
2023-06-28,花菜类,16.069,12.332067956935717,7.8634246063849655,0.5682820875426579,2
2023-06-28,水生根茎类,14.946000000000003,14.012538471831926,12.315012712431416,0.13784198189961577,2
2023-06-28,茄类,15.651,7.772078461440163,4.81406491597981,0.6144523593027423,2
2023-06-28,辣椒类,68.534,6.061937140689293,3.3647999533078465,0.8015743059940195,2
2023-06-28,食用菌,53.742,4.612928435860221,3.097860146626474,0.48906929865237303,2
2023-06-29,花叶类,135.08999999999997,4.783032052705604,3.3367017543859654,0.4334610656821495,3
2023-06-29,花菜类,24.367000000000004,12.004021832806666,8.09110682480404,0.48360688997545076,3
2023-06-29,水生根茎类,22.945,17.0648332970146,12.382692961429504,0.37811971516772347,3
2023-06-29,茄类,11.511000000000001,7.501728781165842,4.555986447745634,0.6465652097972773,3
2023-06-29,辣椒类,89.113,6.2440721331343365,3.6316481321468244,0.7193494264663783,3
2023-06-29,食用菌,48.314,4.6764084944322555,3.1845510618040316,0.4684671100180427,3
2023-06-30,花叶类,130.464,5.118411209222468,3.1274101667893053,0.6366293310599501,4
2023-06-30,花菜类,28.086999999999996,11.51217645173924,7.90863851603945,0.4556458015360649,4
2023-06-30,水生根茎类,19.419,14.469159071012927,12.086224316391162,0.1971612219202372,4
2023-06-30,茄类,24.529999999999998,8.104900122299226,4.696214838972687,0.725836743037974,4
2023-06-30,辣椒类,82.286,6.096045499842012,3.703920229443647,0.645836066171889,4
2023-06-30,食用菌,39.572,6.540685333063782,4.510593348832507,0.45007204756259633,4
