年月,品类,n_否,pearson_否,n_是,pearson_是,n_不分打折,pearson_不分打折
2020-07,花叶类,12891,-0.152387,1263,-0.106441,14154,-0.149515
2020-07,花菜类,2967,-0.164178,247,-0.22687,3214,-0.163332
2020-07,水生根茎类,710,-0.13277,83,-0.250264,793,-0.145193
2020-07,茄类,2159,-0.154295,192,-0.126304,2351,-0.151312
2020-07,辣椒类,7331,-0.471216,514,-0.39597,7845,-0.466988
2020-07,食用菌,4823,-0.623278,416,-0.540369,5239,-0.615179
2020-08,花叶类,14721,-0.202621,308,-0.218133,15029,-0.202956
2020-08,花菜类,3727,-0.178615,108,-0.249717,3835,-0.179514
2020-08,水生根茎类,1608,-0.318245,18,-0.284842,1626,-0.317575
2020-08,茄类,2070,-0.098307,5,,2075,-0.098979
2020-08,辣椒类,9111,-0.304267,14,-0.607573,9125,-0.304998
2020-08,食用菌,4870,-0.656491,18,-0.395795,4888,-0.654094
2020-09,花叶类,11199,-0.145865,122,-0.061321,11321,-0.145318
2020-09,花菜类,2845,-0.229303,34,-0.336524,2879,-0.18651
2020-09,水生根茎类,1407,-0.248501,25,0.463153,1432,-0.244565
2020-09,茄类,1233,-0.23606,2,,1235,-0.234394
2020-09,辣椒类,6613,-0.267927,1,,6614,-0.238605
2020-09,食用菌,4650,-0.625834,22,-0.123843,4672,-0.610491
2020-10,花叶类,12023,-0.407418,64,0.069397,12087,-0.370897
2020-10,花菜类,3156,-0.283339,67,-0.01865,3223,-0.280155
2020-10,水生根茎类,1931,-0.162897,132,-0.37083,2063,-0.16044
2020-10,茄类,1438,-0.140534,0,,1438,-0.140534
2020-10,辣椒类,6528,-0.419685,0,,6528,-0.419685
2020-10,食用菌,6542,-0.595471,3,,6545,-0.595584
2020-11,花叶类,10366,-0.291158,51,-0.365803,10417,-0.290631
2020-11,花菜类,3627,-0.134655,0,,3627,-0.134655
2020-11,水生根茎类,1370,0.007072,123,,1493,-0.024212
2020-11,茄类,893,-0.104348,0,,893,-0.104348
2020-11,辣椒类,5691,-0.498152,0,,5691,-0.498152
2020-11,食用菌,5919,-0.636157,5,,5924,-0.635538
2020-12,花叶类,9329,-0.43235,62,-0.117317,9391,-0.430843
2020-12,花菜类,2515,-0.250878,8,,2523,-0.251417
2020-12,水生根茎类,2513,0.137495,267,0.01612,2780,0.101255
2020-12,茄类,881,0.033827,0,,881,0.033827
2020-12,辣椒类,4654,-0.396895,1,,4655,-0.39684
2020-12,食用菌,7107,-0.594296,239,-0.706522,7346,-0.596519
2021-01,花叶类,9856,-0.539975,92,-0.253331,9948,-0.537471
2021-01,花菜类,2646,-0.098841,66,-0.19508,2712,-0.099571
2021-01,水生根茎类,2461,0.118647,17,,2478,0.119588
2021-01,茄类,1082,0.000942,0,,1082,0.000942
2021-01,辣椒类,5351,-0.376748,295,0.105211,5646,-0.373186
2021-01,食用菌,6761,-0.719443,21,-0.207608,6782,-0.717966
2021-02,花叶类,9248,-0.350554,139,-0.579973,9387,-0.351296
2021-02,花菜类,2899,-0.000819,9,,2908,-0.001075
2021-02,水生根茎类,2229,0.153467,57,-0.129534,2286,0.135995
2021-02,茄类,1658,0.029149,0,,1658,0.029149
2021-02,辣椒类,10133,-0.4323,124,-0.334407,10257,-0.431205
2021-02,食用菌,6954,-0.659349,58,-0.322324,7012,-0.659694
2021-03,花叶类,9618,-0.241957,4,,9622,-0.242121
2021-03,花菜类,2379,-0.308088,0,,2379,-0.308088
2021-03,水生根茎类,1240,0.069875,0,,1240,0.069875
2021-03,茄类,1293,-0.016674,0,,1293,-0.016674
2021-03,辣椒类,7237,-0.377838,1,,7238,-0.377602
2021-03,食用菌,4500,-0.72733,96,-0.27427,4596,-0.727446
2021-04,花叶类,9243,-0.397431,92,-0.07837,9335,-0.395314
2021-04,花菜类,2673,-0.212701,29,,2702,-0.212685
2021-04,水生根茎类,784,-0.096222,8,,792,-0.093507
2021-04,茄类,1300,-0.080552,12,,1312,-0.085202
2021-04,辣椒类,5790,-0.436898,146,,5936,-0.435135
2021-04,食用菌,3248,-0.659305,47,-0.489988,3295,-0.658677
2021-05,花叶类,10896,-0.297288,100,0.068171,10996,-0.295446
2021-05,花菜类,2289,-0.164576,0,,2289,-0.164576
2021-05,水生根茎类,593,0.211052,0,,593,0.211052
2021-05,茄类,1435,-0.169435,16,,1451,-0.168275
2021-05,辣椒类,6846,-0.453964,31,-0.27826,6877,-0.453071
2021-05,食用菌,3143,-0.710065,62,-0.060403,3205,-0.708101
2021-06,花叶类,9878,-0.191066,18,-0.236527,9896,-0.191319
2021-06,花菜类,2281,-0.23007,56,0.070564,2337,-0.226109
2021-06,水生根茎类,884,-0.050216,0,,884,-0.050216
2021-06,茄类,1563,-0.186915,4,,1567,-0.189077
2021-06,辣椒类,6077,-0.386992,13,0.246734,6090,-0.382692
2021-06,食用菌,3267,-0.481818,83,-0.463016,3350,-0.480425
2021-07,花叶类,11256,-0.17691,460,-0.24519,11716,-0.174562
2021-07,花菜类,2483,-0.320303,478,-0.575357,2961,-0.317217
2021-07,水生根茎类,1023,-0.257109,143,-0.020034,1166,-0.250132
2021-07,茄类,1891,-0.071872,1,,1892,-0.072001
2021-07,辣椒类,5812,-0.386977,13,0.147325,5825,-0.387037
2021-07,食用菌,3200,-0.636475,34,-0.058378,3234,-0.63326
2021-08,花叶类,13858,-0.196471,329,-0.279021,14187,-0.208123
2021-08,花菜类,701,-0.007849,627,-0.308825,1328,0.012107
2021-08,水生根茎类,1255,-0.124996,747,-0.07028,2002,-0.113534
2021-08,茄类,1806,0.055624,138,0.020144,1944,0.055289
2021-08,辣椒类,6439,-0.305668,553,-0.069201,6992,-0.300142
2021-08,食用菌,3168,-0.635255,1301,-0.09268,4469,-0.664268
2021-09,花叶类,9215,-0.192281,1039,-0.558789,10254,-0.221621
2021-09,花菜类,1351,-0.426127,263,,1614,-0.381863
2021-09,水生根茎类,2100,0.017659,17,,2117,0.019454
2021-09,茄类,1241,0.036254,283,,1524,-0.040569
2021-09,辣椒类,4964,-0.41545,287,-0.103683,5251,-0.417833
2021-09,食用菌,2838,-0.719839,838,0.067225,3676,-0.740193
2021-10,花叶类,8381,-0.059776,671,-0.599197,9052,-0.125787
2021-10,花菜类,1674,-0.08265,192,-0.211395,1866,-0.097537
2021-10,水生根茎类,1025,-0.176336,1171,,2196,-0.141117
2021-10,茄类,1006,-0.047422,0,,1006,-0.047422
2021-10,辣椒类,4942,-0.407065,0,,4942,-0.407065
2021-10,食用菌,2780,-0.711422,684,0.0,3464,-0.721471
2021-11,花叶类,4382,-0.146424,271,-0.185628,4653,-0.150354
2021-11,花菜类,1043,-0.072288,266,,1309,-0.08366
2021-11,水生根茎类,721,-0.087851,1074,,1795,-0.055075
2021-11,茄类,545,-0.166917,0,,545,-0.166917
2021-11,辣椒类,2644,-0.433907,152,,2796,-0.433675
2021-11,食用菌,3239,-0.822088,408,-0.777152,3647,-0.822064
2021-12,花叶类,6067,-0.274722,120,-0.896652,6187,-0.307054
2021-12,花菜类,1549,-0.144105,0,,1549,-0.144105
2021-12,水生根茎类,1771,0.053375,107,0.239777,1878,0.092875
2021-12,茄类,453,-0.122474,102,,555,-0.103832
2021-12,辣椒类,3498,-0.428349,50,-0.135432,3548,-0.424862
2021-12,食用菌,3796,-0.779848,402,-0.83273,4198,-0.788116
2022-01,花叶类,6404,-0.383055,261,-0.520552,6665,-0.420808
2022-01,花菜类,2452,0.144231,0,,2452,0.144231
2022-01,水生根茎类,2343,0.243951,39,-0.0,2382,0.245823
2022-01,茄类,1249,0.23741,0,,1249,0.23741
2022-01,辣椒类,6921,-0.399587,13,,6934,-0.401724
2022-01,食用菌,4267,-0.72497,80,,4347,-0.736025
2022-02,花叶类,5778,-0.409285,169,,5947,-0.434223
2022-02,花菜类,1863,-0.041276,0,,1863,-0.041276
2022-02,水生根茎类,1279,0.112913,0,,1279,0.112913
2022-02,茄类,1329,0.039875,0,,1329,0.039875
2022-02,辣椒类,4670,-0.507397,136,,4806,-0.529396
2022-02,食用菌,2121,-0.939352,73,-0.952735,2194,-0.939727
2022-03,花叶类,6050,-0.425225,405,-0.981389,6455,-0.476918
2022-03,花菜类,705,0.032532,329,,1034,0.043329
2022-03,水生根茎类,1175,-0.156041,14,0.593698,1189,-0.173767
2022-03,茄类,1192,-0.125114,0,,1192,-0.125114
2022-03,辣椒类,4618,-0.517545,300,-0.039379,4918,-0.56591
2022-03,食用菌,1630,-0.944513,68,-0.914741,1698,-0.928515
2022-04,花叶类,6141,-0.342304,273,-0.046365,6414,-0.346424
2022-04,花菜类,800,-0.084652,103,,903,-0.152139
2022-04,水生根茎类,501,-0.350321,19,0.148694,520,-0.353527
2022-04,茄类,1359,-0.21411,0,,1359,-0.21411
2022-04,辣椒类,4056,-0.417866,267,-0.326711,4323,-0.463367
2022-04,食用菌,1753,-0.902838,165,-0.756602,1918,-0.853016
2022-05,花叶类,7138,-0.116451,380,-0.191751,7518,-0.106388
2022-05,花菜类,1455,-0.258128,155,,1610,-0.245318
2022-05,水生根茎类,324,-0.309417,0,,324,-0.309417
2022-05,茄类,1583,-0.286213,364,,1947,-0.24483
2022-05,辣椒类,4282,-0.279678,0,,4282,-0.279678
2022-05,食用菌,1534,-0.959338,19,,1553,-0.960157
2022-06,花叶类,8346,-0.009627,19,0.541963,8365,-0.009888
2022-06,花菜类,1642,-0.108202,16,0.0,1658,-0.195009
2022-06,水生根茎类,858,-0.260967,0,,858,-0.260967
2022-06,茄类,1874,-0.341392,0,,1874,-0.341392
2022-06,辣椒类,3653,-0.282727,3,,3656,-0.284196
2022-06,食用菌,1670,-0.955926,187,-0.971323,1857,-0.954636
2022-07,花叶类,10042,-0.269508,170,-0.329802,10212,-0.296076
2022-07,花菜类,3160,-0.08653,51,-0.385516,3211,-0.138846
2022-07,水生根茎类,2195,-0.429127,275,-0.494817,2470,-0.410702
2022-07,茄类,1092,-0.119921,0,,1092,-0.119921
2022-07,辣椒类,4998,-0.603484,215,-0.957569,5213,-0.633428
2022-07,食用菌,2277,-0.919717,754,-0.842837,3031,-0.891784
2022-08,花叶类,9736,-0.523228,1538,-0.515728,11274,-0.522535
2022-08,花菜类,4909,0.014726,173,-0.027911,5082,-0.003338
2022-08,水生根茎类,2940,-0.401534,118,-0.651975,3058,-0.40151
2022-08,茄类,1394,0.185578,25,0.689368,1419,0.18836
2022-08,辣椒类,6484,-0.320178,716,-0.567111,7200,-0.35961
2022-08,食用菌,2950,-0.859964,739,-0.82318,3689,-0.797494
2022-09,花叶类,7768,-0.4325,2030,-0.556776,9798,-0.475441
2022-09,花菜类,2997,-0.023144,277,0.087041,3274,-0.033932
2022-09,水生根茎类,1890,-0.375404,355,-0.889452,2245,-0.40567
2022-09,茄类,256,0.321118,7,,263,0.242569
2022-09,辣椒类,4171,-0.822947,432,-0.945991,4603,-0.833265
2022-09,食用菌,3045,-0.88253,812,-0.835054,3857,-0.832144
2022-10,花叶类,9191,-0.41447,1364,-0.551834,10555,-0.440517
2022-10,花菜类,2983,0.0716,286,-0.033133,3269,-0.008805
2022-10,水生根茎类,2523,-0.267529,328,-0.842476,2851,-0.295171
2022-10,茄类,284,0.02175,0,,284,0.02175
2022-10,辣椒类,5929,-0.695165,607,-0.96641,6536,-0.723978
2022-10,食用菌,5500,-0.712506,736,-0.956714,6236,-0.702728
2022-11,花叶类,7465,-0.43618,607,-0.303316,8072,-0.44261
2022-11,花菜类,2747,0.170254,73,0.221791,2820,0.188305
2022-11,水生根茎类,1571,-0.267714,49,-0.97356,1620,-0.293128
2022-11,茄类,434,-0.022336,1,,435,-0.016805
2022-11,辣椒类,4764,-0.355867,298,-0.947065,5062,-0.388063
2022-11,食用菌,4262,-0.919227,324,-0.912366,4586,-0.903235
2022-12,花叶类,7489,-0.470232,312,-0.75231,7801,-0.475184
2022-12,花菜类,2409,0.278759,86,0.250342,2495,0.291219
2022-12,水生根茎类,1916,0.003223,46,0.111517,1962,0.003913
2022-12,茄类,433,-0.030285,0,,433,-0.030285
2022-12,辣椒类,4491,-0.308866,132,-0.969371,4623,-0.324762
2022-12,食用菌,4274,-0.924538,176,-0.894145,4450,-0.913263
2023-01,花叶类,9064,-0.576827,488,-0.469086,9552,-0.584623
2023-01,花菜类,2783,0.147933,59,0.122419,2842,0.169231
2023-01,水生根茎类,2453,0.10334,103,-0.164957,2556,0.102482
2023-01,茄类,1226,0.057445,5,,1231,0.062538
2023-01,辣椒类,8501,-0.720396,193,-0.940723,8694,-0.729713
2023-01,食用菌,5974,-0.893955,397,-0.876036,6371,-0.881148
2023-02,花叶类,6234,-0.591152,510,-0.74376,6744,-0.604567
2023-02,花菜类,2062,0.010614,173,-0.204265,2235,0.025576
2023-02,水生根茎类,1385,0.120417,127,-0.305619,1512,0.108232
2023-02,茄类,831,-0.079727,0,,831,-0.079727
2023-02,辣椒类,5128,-0.884412,323,-0.9217,5451,-0.880591
2023-02,食用菌,3396,-0.946467,489,-0.925817,3885,-0.912803
2023-03,花叶类,5949,-0.475757,1055,-0.771554,7004,-0.507688
2023-03,花菜类,1784,-0.059673,251,0.146487,2035,-0.073851
2023-03,水生根茎类,1150,-0.311582,51,-0.663322,1201,-0.320629
2023-03,茄类,961,-0.032038,0,,961,-0.032038
2023-03,辣椒类,5263,-0.712541,569,-0.803889,5832,-0.727728
2023-03,食用菌,3781,-0.906028,521,-0.804121,4302,-0.888873
2023-04,花叶类,6204,-0.434338,821,-0.692671,7025,-0.458085
2023-04,花菜类,1462,-0.05729,100,0.098566,1562,-0.036394
2023-04,水生根茎类,885,-0.366513,39,-0.419631,924,-0.364213
2023-04,茄类,1205,-0.05271,1,,1206,-0.05598
2023-04,辣椒类,4237,-0.480492,511,-0.790916,4748,-0.515589
2023-04,食用菌,3009,-0.931214,645,-0.772739,3654,-0.913769
2023-05,花叶类,7359,-0.351943,454,-0.733607,7813,-0.377765
2023-05,花菜类,1712,-0.252785,47,0.021286,1759,-0.254097
2023-05,水生根茎类,870,-0.30594,4,,874,-0.307118
2023-05,茄类,1529,-0.093551,0,,1529,-0.093551
2023-05,辣椒类,4615,-0.393062,263,-0.588887,4878,-0.409902
2023-05,食用菌,2520,-0.930936,394,-0.591061,2914,-0.906595
2023-06,花叶类,6501,-0.17947,621,-0.488116,7122,-0.226074
2023-06,花菜类,1194,-0.03675,17,-0.017564,1211,-0.037622
2023-06,水生根茎类,973,-0.128489,235,-0.110069,1208,-0.084259
2023-06,茄类,1562,-0.301638,0,,1562,-0.301638
2023-06,辣椒类,4161,-0.435439,220,-0.89656,4381,-0.46331
2023-06,食用菌,1960,-0.979991,380,-0.033413,2340,-0.978782
