日期,星期,品类,实际,WD90,WIN7,YOY,BLEND
2023-04-01,5,花叶类,208.377,254.75781818181815,190.34914285714288,130.262,234.74402303283983
2023-04-01,5,花菜类,35.079,40.676545454545455,29.01442857142857,25.701,30.763922340847
2023-04-01,5,水生根茎类,26.836,60.60763636363636,22.777000000000005,25.437,30.300111294572353
2023-04-01,5,茄类,23.388,20.701181818181823,16.366142857142858,16.697,20.559338790522414
2023-04-01,5,辣椒类,154.887,181.91818181818178,127.13385714285712,80.48,161.5048320978635
2023-04-01,5,食用菌,101.324,134.3750909090909,91.58328571428571,19.915,111.34834948451497
2023-04-02,6,花叶类,185.985,241.44625000000005,183.84542857142856,133.168,216.30332691317392
2023-04-02,6,花菜类,39.362,43.10908333333333,29.96014285714286,26.163,33.708832476998985
2023-04-02,6,水生根茎类,27.876,51.16450000000001,20.785571428571433,34.452,23.726953305111444
2023-04-02,6,茄类,20.488,18.7275,16.512428571428572,18.016000000000002,18.56965534017126
2023-04-02,6,辣椒类,165.351,151.47425,122.51471428571426,71.349,129.7900994823837
2023-04-02,6,食用菌,109.447,113.96741666666667,90.02999999999999,30.03,93.38406971807657
2023-04-03,0,花叶类,170.821,181.44725000000003,172.69428571428574,111.538,153.54876366702865
2023-04-03,0,花菜类,16.457,32.438583333333334,28.629714285714282,16.438,24.216080671872685
2023-04-03,0,水生根茎类,29.721,29.612750000000002,20.475428571428573,42.998,13.617991958754866
2023-04-03,0,茄类,19.201,13.806083333333333,16.561714285714285,23.887,13.706035939912619
2023-04-03,0,辣椒类,114.41,104.3775,120.49942857142857,96.131,87.88900478294342
2023-04-03,0,食用菌,93.459,89.73075,88.49057142857143,46.766,72.44151032679981
2023-04-04,1,花叶类,169.641,164.52375,175.75999999999996,148.726,142.05217359074558
2023-04-04,1,花菜类,20.022,33.722166666666666,28.057999999999996,22.224,24.774638038588858
2023-04-04,1,水生根茎类,14.977,35.34341666666667,22.516142857142857,31.759,17.9689287713635
2023-04-04,1,茄类,20.162,14.162500000000003,17.559571428571427,23.387,14.752149719653275
2023-04-04,1,辣椒类,121.552,116.22983333333333,121.81357142857142,107.732,99.04309018917806
2023-04-04,1,食用菌,90.507,79.56416666666667,91.18842857142856,40.745,66.14563003393947
2023-04-05,2,花叶类,217.271,173.76866666666663,179.14085714285716,146.419,152.93952985711502
2023-04-05,2,花菜类,45.417,36.977666666666664,28.272714285714283,21.248,27.437376713871647
2023-04-05,2,水生根茎类,24.199,38.537499999999994,22.539142857142856,21.71,19.78314771600154
2023-04-05,2,茄类,22.225,14.527416666666667,18.22771428571429,15.356,15.539907796841174
2023-04-05,2,辣椒类,139.304,120.56599999999999,125.97900000000001,38.664,106.26704186419093
2023-04-05,2,食用菌,115.412,98.19616666666667,92.7242857142857,31.476,82.99318630166415
2023-04-06,3,花叶类,136.403,197.22916666666666,191.54028571428574,109.94500000000001,185.2838211789969
2023-04-06,3,花菜类,23.05,39.133833333333335,30.98085714285714,17.497,31.63477883822466
2023-04-06,3,水生根茎类,9.889,42.713249999999995,22.70342857142857,5.855,22.13474193667047
2023-04-06,3,茄类,12.387,17.024,20.178857142857144,11.695,19.94424697333719
2023-04-06,3,辣椒类,109.473,141.44766666666666,131.41714285714286,38.127,129.74118740791462
2023-04-06,3,食用菌,73.004,114.66924999999999,96.91000000000001,20.492,101.14478669669718
2023-04-07,4,花叶类,131.267,223.98299999999998,185.3414285714286,85.201,204.35651510525156
2023-04-07,4,花菜类,31.899,46.29283333333334,30.570142857142855,10.494,36.969146908191696
2023-04-07,4,水生根茎类,16.629,56.727250000000005,22.237000000000002,6.533,29.16545306012731
2023-04-07,4,茄类,9.746,21.180333333333333,19.855,14.479,24.324241099726308
2023-04-07,4,辣椒类,97.645,194.91166666666666,134.74014285714284,28.799,183.2622373559648
2023-04-07,4,食用菌,88.025,143.44833333333335,98.27114285714286,14.881,128.8612650128608
2023-04-08,5,花叶类,183.926,256.6717272727272,174.25214285714284,87.65,220.85423693031916
2023-04-08,5,花菜类,35.691,41.62863636363636,30.183714285714284,10.629,32.754003290729095
2023-04-08,5,水生根茎类,20.73,58.18145454545454,21.446714285714286,6.366,29.129216164624893
2023-04-08,5,茄类,19.815,21.782000000000004,18.228142857142856,12.371,22.99174094490787
2023-04-08,5,辣椒类,137.92,185.7888181818182,128.946,36.973,167.36523076348573
2023-04-08,5,食用菌,128.855,133.7648181818182,95.88257142857142,18.886,117.4832713392894
2023-04-09,6,花叶类,197.616,238.66400000000002,170.75914285714285,141.102,201.6394023377159
2023-04-09,6,花菜类,30.536,43.51983333333334,30.27114285714286,15.591,34.3285589344254
2023-04-09,6,水生根茎类,30.084,48.75516666666667,20.57442857142857,11.218,23.640624786631424
2023-04-09,6,茄类,15.846,19.172,17.717714285714283,27.258,19.61063827425981
2023-04-09,6,辣椒类,136.063,154.83825000000002,126.52214285714284,133.106,136.72306424188343
2023-04-09,6,食用菌,83.908,113.42966666666666,99.81557142857143,35.619,103.57161069102531
2023-04-10,0,花叶类,123.411,180.21691666666663,172.42071428571427,184.591,153.63817608992784
2023-04-10,0,花菜类,18.365,31.198249999999998,29.010285714285715,7.757000000000001,23.589793733624983
2023-04-10,0,水生根茎类,17.868,28.759583333333335,20.889857142857146,18.379,14.195990926311419
2023-04-10,0,茄类,12.818,14.438916666666666,17.05457142857143,24.485,14.177494297432332
2023-04-10,0,辣椒类,73.788,106.45550000000001,122.33814285714286,113.881,90.56142394458476
2023-04-10,0,食用菌,51.773,89.15541666666667,96.16714285714286,30.946,78.56432318426604
2023-04-11,1,花叶类,158.881,161.9775,165.64785714285713,93.428,133.2328254216139
2023-04-11,1,花菜类,15.788,34.11633333333334,29.282857142857146,6.383,26.015192111329338
2023-04-11,1,水生根茎类,7.577,32.770833333333336,19.196571428571428,1.03,14.97604162200659
2023-04-11,1,茄类,13.366,15.016583333333337,16.142714285714284,10.687,13.930168763511281
2023-04-11,1,辣椒类,85.563,116.39233333333333,116.535,69.305,94.65669852963256
2023-04-11,1,食用菌,62.405,78.77166666666666,90.212,11.87,65.44068518914779
2023-04-12,2,花叶类,118.18,176.43674999999996,164.1107142857143,106.268,143.99128741985868
2023-04-12,2,花菜类,17.265,38.162499999999994,28.678000000000004,6.375,28.62856849885387
2023-04-12,2,水生根茎类,19.088,36.81366666666667,18.13942857142857,7.538,16.05736441709204
2023-04-12,2,茄类,8.998,15.564333333333336,15.171857142857144,20.041,13.53861084359791
2023-04-12,2,辣椒类,84.989,121.66466666666668,111.39371428571428,76.22,94.8809604168027
2023-04-12,2,食用菌,63.48,100.39916666666666,86.19742857142857,16.858999999999998,79.91597202979129
2023-04-13,3,花叶类,92.251,191.70366666666666,149.95485714285715,100.363,143.63400049806785
2023-04-13,3,花菜类,19.775,38.729000000000006,24.656285714285712,9.797,25.05754744815345
2023-04-13,3,水生根茎类,15.052000000000001,39.89983333333333,17.409285714285716,4.61,16.814550558073435
2023-04-13,3,茄类,9.198,17.293,13.282285714285717,20.903,13.170220362218462
2023-04-13,3,辣椒类,76.901,141.14124999999999,103.63442857142857,76.95,102.63016968622351
2023-04-13,3,食用菌,51.532,113.44108333333334,78.77857142857144,31.963,82.7336699135119
2023-04-14,4,花叶类,131.729,216.95233333333329,143.64742857142855,128.586,156.8004254223864
2023-04-14,4,花菜类,18.183,46.47541666666667,24.18842857142857,6.047,29.58552814114499
2023-04-14,4,水生根茎类,26.338,55.466416666666674,18.146857142857144,6.495,24.476127448033463
2023-04-14,4,茄类,19.025000000000002,20.724750000000004,12.826714285714287,21.356,15.30174133139323
2023-04-14,4,辣椒类,89.822,191.568,98.98128571428572,59.011,133.6848260742755
2023-04-14,4,食用菌,83.023,140.51175,75.71114285714286,21.589,99.22678275411455
2023-04-15,5,花叶类,208.169,232.66563636363634,143.71342857142858,131.828,171.29697035774174
2023-04-15,5,花菜类,20.852,39.86109090909092,22.228999999999996,10.73,23.577022510708616
2023-04-15,5,水生根茎类,28.049,49.81836363636364,19.533857142857148,14.18,24.236066777114825
2023-04-15,5,茄类,16.674,20.715909090909093,14.152285714285714,17.358,17.013625953810944
2023-04-15,5,辣椒类,138.985,180.39818181818183,97.86371428571428,69.72,125.5366286097265
2023-04-15,5,食用菌,106.142,126.87172727272727,74.99657142857143,39.136,89.8949828155837
2023-04-16,6,花叶类,204.874,231.8846666666667,147.1767142857143,124.808,175.55156622935846
2023-04-16,6,花菜类,23.472,40.9325,20.109142857142853,12.666,22.171897373177543
2023-04-16,6,水生根茎类,16.458,43.544666666666664,20.579428571428572,15.042,22.728496732339057
2023-04-16,6,茄类,20.902,18.722,13.703571428571431,32.118,14.93306418574216
2023-04-16,6,辣椒类,133.274,153.33983333333333,98.01585714285714,84.376,107.00172493092425
2023-04-16,6,食用菌,85.949,105.50999999999999,71.75185714285713,28.104,72.08175372113269
2023-04-17,0,花叶类,106.884,172.48675,148.21357142857144,107.549,131.58942581656504
2023-04-17,0,花菜类,14.475,28.852333333333334,19.1,20.254,14.948406788043409
2023-04-17,0,水生根茎类,7.066,25.133666666666667,18.632857142857144,9.701,12.031873620283447
2023-04-17,0,茄类,9.19,13.751583333333334,14.425857142857144,32.008,11.547921893298675
2023-04-17,0,辣椒类,68.456,102.51441666666666,97.61742857142858,85.746,71.17514747745611
2023-04-17,0,食用菌,39.144999999999996,81.42433333333334,72.04342857142856,40.244,56.2054243167677
2023-04-18,1,花叶类,182.607,160.19825,145.85257142857145,112.679,120.78009160152715
2023-04-18,1,花菜类,16.779,32.10958333333333,18.544285714285714,12.087,16.27795129898054
2023-04-18,1,水生根茎类,15.097,26.208999999999993,17.089714285714287,3.024,11.776996576688967
2023-04-18,1,茄类,16.152,14.237916666666669,13.907571428571428,23.28,11.629599758595056
2023-04-18,1,辣椒类,78.486,113.76116666666667,96.8557142857143,62.95,78.67344966824908
2023-04-18,1,食用菌,66.338,70.10491666666667,70.23942857142856,28.667,47.83549370358758
2023-04-19,2,花叶类,156.553,162.79399999999998,149.24200000000002,101.391,126.31781728526435
2023-04-19,2,花菜类,19.103,34.73466666666666,18.68585714285714,7.869,17.972932477556217
2023-04-19,2,水生根茎类,12.216,31.381,18.163999999999998,5.106,15.30016315702645
2023-04-19,2,茄类,13.945,12.859249999999998,14.305571428571428,16.985,10.987575030276457
2023-04-19,2,辣椒类,76.651,110.55816666666668,95.84471428571429,53.306,76.51836264726859
2023-04-19,2,食用菌,58.407000000000004,87.94758333333333,70.80128571428573,23.736,61.47373762160258
2023-04-20,3,花叶类,122.087,168.46841666666666,154.72385714285716,105.275,137.24225210277316
2023-04-20,3,花菜类,19.807,31.70183333333333,18.948428571428572,11.413,17.085998161879854
2023-04-20,3,水生根茎类,12.171,28.0605,17.18228571428571,2.772,13.533238787634348
2023-04-20,3,茄类,10.307,12.912916666666668,15.012285714285715,18.031,11.962347463449003
2023-04-20,3,辣椒类,70.384,118.36008333333335,94.65357142857144,51.324,82.73691309196164
2023-04-20,3,食用菌,55.919,85.70549999999999,70.07657142857143,33.394,61.51763747244599
2023-04-21,4,花叶类,215.684,178.42383333333336,158.98614285714285,112.794,153.64667398643493
2023-04-21,4,花菜类,26.17,36.478833333333334,18.953,8.548,20.438298830074874
2023-04-21,4,水生根茎类,28.934,36.65508333333334,16.770714285714284,3.552,18.667227278050895
2023-04-21,4,茄类,30.95,15.979333333333335,15.170714285714286,11.668,15.672800718858227
2023-04-21,4,辣椒类,125.533,148.7005833333333,93.72257142857143,59.831,107.69397477584555
2023-04-21,4,食用菌,89.492,109.46141666666666,70.70328571428571,27.479,83.09426085827509
2023-04-22,5,花叶类,330.85,230.62424999999996,170.97971428571427,114.043,213.18151288234566
2023-04-22,5,花菜类,40.026,38.27700000000001,20.094,18.726,22.794175478711974
2023-04-22,5,水生根茎类,27.103,48.004250000000006,17.141571428571428,7.417,25.021334286945066
2023-04-22,5,茄类,39.651,20.379083333333337,16.874285714285715,20.471,21.98813593864196
2023-04-22,5,辣椒类,185.589,176.94708333333335,98.82414285714286,69.833,135.1716355406124
2023-04-22,5,食用菌,158.36,125.14425,71.62742857142857,26.309,96.28299651048962
2023-04-23,6,花叶类,279.352,230.67599999999996,188.50557142857141,118.653,233.52220855593487
2023-04-23,6,花菜类,22.853,40.044000000000004,22.83314285714286,19.648,27.04462444246076
2023-04-23,6,水生根茎类,10.291,41.6595,17.006428571428568,9.767,21.63058568863482
2023-04-23,6,茄类,21.876,18.99475,20.156714285714287,25.194,24.104020837740656
2023-04-23,6,辣椒类,154.222,156.84333333333333,105.48185714285715,86.55,126.85789667628961
2023-04-23,6,食用菌,81.715,105.01400000000001,79.08714285714287,27.473,88.50774719858477
2023-04-24,0,花叶类,188.222,157.11441666666667,199.14528571428568,99.189,168.15072332195976
2023-04-24,0,花菜类,17.855999999999998,24.55708333333334,22.744714285714288,15.603,16.75869505791251
2023-04-24,0,水生根茎类,13.28,21.826166666666666,16.125428571428568,4.52,10.880168719006237
2023-04-24,0,茄类,25.565,11.9305,20.29585714285714,13.679,15.342497235196936
2023-04-24,0,辣椒类,73.395,97.87408333333333,108.47442857142858,63.739,81.20020180655168
2023-04-24,0,食用菌,60.294,72.47491666666666,78.48228571428571,32.921,61.084906837560304
2023-04-25,1,花叶类,163.704,158.29491666666667,210.76499999999996,116.365,179.483719715469
2023-04-25,1,花菜类,15.89,26.056083333333333,23.22771428571429,16.833,18.603116765156315
2023-04-25,1,水生根茎类,9.993,20.397583333333333,17.013142857142856,4.202,10.998093504742881
2023-04-25,1,茄类,19.3,12.996416666666667,22.635142857142856,20.592,18.711869644514227
2023-04-25,1,辣椒类,70.192,105.13908333333335,109.17999999999999,94.828,88.61236579392998
2023-04-25,1,食用菌,68.882,71.58999999999999,81.50357142857142,28.121,62.573964000718824
2023-04-26,2,花叶类,148.39,155.41741666666667,208.06457142857138,91.764,174.81346176511798
2023-04-26,2,花菜类,21.236,26.7985,23.100714285714282,9.969,19.690610865114206
2023-04-26,2,水生根茎类,4.702,24.296583333333334,16.284,4.905,12.936320072746613
2023-04-26,2,茄类,18.526,10.890583333333334,23.084857142857146,14.113,16.200657315289913
2023-04-26,2,辣椒类,47.263,105.22091666666667,107.99514285714285,61.328,88.2526382713807
2023-04-26,2,食用菌,45.674,79.00891666666666,81.86699999999999,13.139,70.17582750393287
2023-04-27,3,花叶类,141.667,155.96525,206.8984285714286,88.807,175.75268942115585
2023-04-27,3,花菜类,14.24,28.339916666666667,23.405428571428576,9.138,21.392060400871568
2023-04-27,3,水生根茎类,11.675,22.997500000000002,15.210571428571427,2.398,11.728180965909138
2023-04-27,3,茄类,18.48,11.035583333333333,23.73928571428572,24.953,17.05648881619313
2023-04-27,3,辣椒类,66.698,105.33333333333333,103.79685714285714,64.366,86.24798507780865
2023-04-27,3,食用菌,62.808,73.28991666666667,80.048,27.102,64.89550949101906
2023-04-28,4,花叶类,164.327,172.80291666666668,209.69557142857138,111.594,199.063364681088
2023-04-28,4,花菜类,22.806,32.88608333333334,22.610142857142858,11.202,24.462710733483622
2023-04-28,4,水生根茎类,14.078,31.780083333333337,15.139714285714286,2.1390000000000002,16.60008815045141
2023-04-28,4,茄类,22.141000000000002,15.912666666666667,24.906857142857145,21.918,26.05420338329032
2023-04-28,4,辣椒类,84.338,135.45399999999998,103.27028571428572,80.389,112.49595507205743
2023-04-28,4,食用菌,81.778,98.93483333333332,81.03214285714286,16.357,90.37977047333506
2023-04-29,5,花叶类,169.132,238.57483333333332,202.35885714285715,106.05199999999999,266.37114391984346
2023-04-29,5,花菜类,27.577,37.977,22.12957142857143,21.479,27.861258284857602
2023-04-29,5,水生根茎类,24.692999999999998,44.94008333333334,13.017428571428573,7.1499999999999995,20.576291843803574
2023-04-29,5,茄类,37.234,21.163333333333338,23.64842857142857,29.707,33.096269216017355
2023-04-29,5,辣椒类,161.482,171.88424999999998,97.38528571428571,96.804,136.5941244543718
2023-04-29,5,食用菌,127.524,124.73783333333336,79.93014285714285,24.064,113.56060038074361
2023-04-30,6,花叶类,132.248,234.81416666666667,179.25628571428572,141.039,233.1065373177515
2023-04-30,6,花菜类,25.487000000000002,38.59433333333333,20.351142857142857,28.319,26.160819774323695
2023-04-30,6,水生根茎类,16.983,38.47766666666667,12.673142857142858,9.22,17.312351547019023
2023-04-30,6,茄类,43.783,19.542916666666667,23.30314285714286,35.229,29.638244067633778
2023-04-30,6,辣椒类,117.501,153.51841666666664,93.94142857142856,81.21,118.03406712108658
2023-04-30,6,食用菌,97.254,101.63508333333334,75.52499999999999,34.151,87.37036771479463
2023-05-01,0,花叶类,179.89,154.78458333333333,158.24142857142857,147.275,136.34915569942743
2023-05-01,0,花菜类,29.389,22.487916666666667,20.727428571428568,23.295,15.624523459064765
2023-05-01,0,水生根茎类,22.754,18.56758333333333,13.629142857142858,10.863,9.111593900714642
2023-05-01,0,茄类,31.862000000000002,12.79025,26.432714285714287,36.606,21.557547159370113
2023-05-01,0,辣椒类,138.857,91.17099999999999,88.69557142857141,65.841,66.40268139657204
2023-05-01,0,食用菌,83.717,68.01391666666666,77.74485714285713,33.083,60.31292795715946
2023-05-02,1,花叶类,199.057,155.03391666666667,157.05114285714288,115.468,135.73417270147687
2023-05-02,1,花菜类,22.365,24.25508333333333,22.375000000000004,13.734,18.247032208408466
2023-05-02,1,水生根茎类,20.191,17.840083333333336,14.982571428571429,8.503,9.693485483623997
2023-05-02,1,茄类,35.967,13.478083333333336,27.332285714285714,47.127,23.18863873380141
2023-05-02,1,辣椒类,103.643,97.82725,98.0472857142857,57.464,78.9003567962594
2023-05-02,1,食用菌,66.312,68.628,81.09100000000001,42.191,63.64382740109359
2023-05-03,2,花叶类,252.366,154.74824999999998,162.10157142857142,88.193,139.47260080886647
2023-05-03,2,花菜类,32.371,25.792583333333337,23.300000000000004,27.601,20.288787685320198
2023-05-03,2,水生根茎类,11.586,21.998333333333335,16.43942857142857,2.8680000000000003,13.179354733839572
2023-05-03,2,茄类,22.717,11.377000000000002,29.713285714285714,42.378,20.938034183899948
2023-05-03,2,辣椒类,95.795,97.75041666666665,102.826,67.711,82.9330388196208
2023-05-03,2,食用菌,72.027,75.12166666666668,80.72385714285714,18.375,69.58042935068633
2023-05-04,3,花叶类,121.428,150.71349999999998,176.95528571428574,105.769,147.8476110233977
2023-05-04,3,花菜类,32.652,26.047666666666668,24.89071428571429,26.182,21.965528329320062
2023-05-04,3,水生根茎类,9.037,21.28275,17.422857142857143,6.398,13.62744134041843
2023-05-04,3,茄类,25.655,11.267166666666668,30.311999999999994,44.495,21.05207316580381
2023-05-04,3,辣椒类,76.542,99.00291666666668,109.75914285714285,51.194,90.04607573414788
2023-05-04,3,食用菌,55.952,68.03616666666667,84.48857142857143,27.071,66.41226904303254
2023-05-05,4,花叶类,115.371,170.72333333333333,174.064,90.652,165.4319638133185
2023-05-05,4,花菜类,28.675,30.346166666666665,27.520999999999997,18.79,28.516082764573092
2023-05-05,4,水生根茎类,13.454,28.37241666666667,17.046000000000003,1.193,18.113783740763083
2023-05-05,4,茄类,22.324,16.52558333333333,31.337,26.05,31.685372339304518
2023-05-05,4,辣椒类,66.977,126.84433333333332,111.16542857142858,32.252,118.05457466682347
2023-05-05,4,食用菌,63.126,95.29625,83.50914285714286,16.992,92.77090927000927
2023-05-06,5,花叶类,163.827,231.60875,167.07028571428575,95.683,217.25876558666303
2023-05-06,5,花菜类,34.087,36.947583333333334,28.359428571428573,20.488,35.930538440624716
2023-05-06,5,水生根茎类,17.781,39.86408333333333,16.956857142857142,3.42,26.1010026253564
2023-05-06,5,茄类,23.097,22.541333333333338,31.363142857142858,32.15,43.20798055729746
2023-05-06,5,辣椒类,94.505,165.93516666666667,108.68528571428571,56.612,153.35770459943353
2023-05-06,5,食用菌,99.697,124.819,80.84457142857143,19.454,118.60856408476715
2023-05-07,6,花叶类,238.132,222.38891666666666,166.31242857142857,113.896,209.1976682208995
2023-05-07,6,花菜类,54.158,37.41908333333334,29.289428571428573,23.375,37.66134261988507
2023-05-07,6,水生根茎类,18.818,32.9335,15.96942857142857,4.66,20.89685164113272
2023-05-07,6,茄类,39.966,21.918083333333332,29.343571428571433,34.564,39.1004112074466
2023-05-07,6,辣椒类,134.833,151.62691666666663,99.11714285714285,86.212,128.35137719447061
2023-05-07,6,食用菌,115.423,100.3415,76.86928571428572,34.837,90.81559564942494
2023-05-08,0,花叶类,142.341,154.80358333333334,181.43871428571427,116.519,158.28400557267162
2023-05-08,0,花菜类,17.863,22.049833333333336,33.385285714285715,42.607,25.108958646585194
2023-05-08,0,水生根茎类,9.628,19.490083333333335,16.231571428571428,4.476,12.530320793138607
2023-05-08,0,茄类,21.757,14.414,28.79828571428572,33.433,24.774094717184298
2023-05-08,0,辣椒类,85.984,95.12883333333333,101.59314285714285,86.554,82.19856704485156
2023-05-08,0,食用菌,58.128,68.36733333333333,79.46485714285713,35.067,63.66682316588078
2023-05-09,1,花叶类,145.033,158.74341666666666,176.07457142857143,91.68,157.63417222182665
2023-05-09,1,花菜类,25.81,23.299666666666667,31.738714285714284,29.087,25.377180179992234
2023-05-09,1,水生根茎类,7.406,17.384916666666665,14.356428571428571,3.5380000000000003,9.95590330676146
2023-05-09,1,茄类,17.224,15.438583333333332,27.354714285714287,34.866,25.050219729793927
2023-05-09,1,辣椒类,81.721,98.13608333333333,94.03985714285714,55.773,78.59617306252251
2023-05-09,1,食用菌,49.033,68.83675000000001,75.8092857142857,34.581,61.200287191102994
2023-05-10,2,花叶类,159.328,162.3373333333333,168.35685714285714,95.42,154.29436530479595
2023-05-10,2,花菜类,26.422,25.496499999999997,32.23085714285714,22.638,28.309670162849145
2023-05-10,2,水生根茎类,10.336,19.68491666666667,12.530000000000001,5.181,9.980182551535872
2023-05-10,2,茄类,28.106,12.567666666666668,24.677142857142858,13.224,18.289899635333725
2023-05-10,2,辣椒类,99.29,97.90208333333334,90.90814285714285,59.294,75.88559153750039
2023-05-10,2,食用菌,78.595,74.84291666666668,73.34085714285713,9.417,64.59523977187129
2023-05-11,3,花叶类,158.484,143.86208333333332,155.06571428571428,86.213,126.29086944184272
2023-05-11,3,花菜类,23.274,26.199250000000003,31.381,19.261,28.3708214150696
2023-05-11,3,水生根茎类,9.518,18.47275,12.351428571428572,2.043,9.368702169102038
2023-05-11,3,茄类,13.908,12.291583333333334,25.447,15.419,18.26966198706416
2023-05-11,3,辣椒类,75.742,93.87058333333333,91.40742857142855,42.635,73.43051816464538
2023-05-11,3,食用菌,42.217,65.30966666666667,74.27914285714284,20.87,57.16374616831057
2023-05-12,4,花叶类,142.706,165.68366666666668,160.35942857142854,79.619,150.57698800522977
2023-05-12,4,花菜类,21.507,30.06941666666667,30.041285714285717,24.59,31.276243411366295
2023-05-12,4,水生根茎类,16.347,25.388833333333334,12.420142857142858,5.134,13.18700494204641
2023-05-12,4,茄类,24.496,17.31975,23.768857142857144,22.173,24.028249758422774
2023-05-12,4,辣椒类,88.881,121.97008333333333,91.29314285714284,37.193,95.74484831670368
2023-05-12,4,食用菌,67.921,91.91508333333333,72.317,21.925,78.96118904363354
2023-05-13,5,花叶类,179.071,224.93533333333335,164.26442857142857,102.98,210.74736312805283
2023-05-13,5,花菜类,45.087,35.33675,29.017285714285716,21.993,35.94337302989146
2023-05-13,5,水生根茎类,20.655,34.91675,12.833428571428572,2.7920000000000003,19.284117801740226
2023-05-13,5,茄类,33.208,23.05616666666667,24.07914285714286,45.528,32.245676120150584
2023-05-13,5,辣椒类,135.703,160.0689166666667,94.42228571428572,58.386,130.9094962784101
2023-05-13,5,食用菌,95.606,121.16616666666668,73.002,26.1,106.13498859568547
2023-05-14,6,花叶类,199.50900000000001,216.45766666666668,166.44214285714287,159.404,207.2032820967652
2023-05-14,6,花菜类,43.642,37.86483333333333,30.588714285714282,48.521,40.65956738032885
2023-05-14,6,水生根茎类,15.86,28.327749999999998,13.244,11.341,16.568940149625934
2023-05-14,6,茄类,32.974000000000004,22.912583333333334,25.523571428571426,51.014,33.854045537268895
2023-05-14,6,辣椒类,110.866,149.6291666666667,100.30771428571428,79.242,130.28874744693496
2023-05-14,6,食用菌,97.677,100.86183333333332,72.41757142857142,26.77,87.80108121812765
2023-05-15,0,花叶类,171.35,147.81625,160.92457142857145,156.705,137.03956439625327
2023-05-15,0,花菜类,27.764,20.738333333333333,29.086428571428574,43.781,21.092697839708098
2023-05-15,0,水生根茎类,7.475,17.754416666666668,12.821428571428571,6.072,10.12576999035939
2023-05-15,0,茄类,21.584,15.048499999999999,24.524714285714285,43.627,21.10880010446004
2023-05-15,0,辣椒类,78.687,93.37283333333333,96.88385714285714,63.751,78.49982858113916
2023-05-15,0,食用菌,61.585,64.61575,69.88242857142858,34.51,54.31913380027978
2023-05-16,1,花叶类,194.936,157.47241666666665,165.0687142857143,82.78,149.64533817665807
2023-05-16,1,花菜类,26.009,22.3205,30.500857142857146,23.633,23.896810716345833
2023-05-16,1,水生根茎类,9.603,14.705333333333334,12.513857142857143,4.6370000000000005,8.317516900074615
2023-05-16,1,茄类,14.181000000000001,15.682166666666665,24.5,19.412,21.8742444571383
2023-05-16,1,辣椒类,80.294,95.89016666666667,95.84142857142857,41.681,79.98001766027012
2023-05-16,1,食用菌,57.535,66.66708333333334,70.37628571428571,18.527,56.54154632502734
2023-05-17,2,花叶类,150.478,160.24175,172.19771428571428,67.12,158.74734876952
2023-05-17,2,花菜类,19.914,25.08541666666667,30.52928571428572,15.163,26.938189347408212
2023-05-17,2,水生根茎类,12.893,17.11216666666667,12.827714285714285,1.853,10.081628456127719
2023-05-17,2,茄类,14.296,14.348583333333332,24.065285714285718,23.194,19.566814926791995
2023-05-17,2,辣椒类,67.717,97.37233333333334,95.63757142857142,41.52,81.24268398669984
2023-05-17,2,食用菌,54.7,75.36541666666668,71.59085714285713,12.789,65.15090993658444
2023-05-18,3,花叶类,112.688,144.12316666666663,170.93342857142858,92.724,141.7749564075885
2023-05-18,3,花菜类,22.684,25.292166666666663,29.59957142857143,20.24,26.48052141123371
2023-05-18,3,水生根茎类,8.812,16.534000000000002,13.193,0.9259999999999999,10.121119294490295
2023-05-18,3,茄类,11.595,12.834416666666668,22.09242857142857,21.794,15.997661064395036
2023-05-18,3,辣椒类,53.892,91.35325,91.12714285714286,40.714,72.89612236833402
2023-05-18,3,食用菌,49.756,62.602666666666664,68.1772857142857,20.598,51.676173853041945
2023-05-19,4,花叶类,141.327,164.19174999999998,164.3911428571429,92.356,155.8121401084227
2023-05-19,4,花菜类,20.153,28.645500000000002,29.515285714285714,17.603,30.094186409016647
2023-05-19,4,水生根茎类,9.66,24.3785,13.092142857142857,3.425,14.960593328727784
2023-05-19,4,茄类,15.232,18.670833333333334,21.762,21.799,22.876976490747126
2023-05-19,4,辣椒类,71.713,118.01691666666666,88.00571428571429,31.666,91.68214632292293
2023-05-19,4,食用菌,60.947,88.83550000000001,69.25428571428571,13.195,75.04528440843669
2023-05-20,5,花叶类,177.822,216.03999999999996,164.19414285714285,90.647,206.6840434872183
2023-05-20,5,花菜类,27.242,35.053333333333335,29.32185714285714,13.908,36.99936640803823
2023-05-20,5,水生根茎类,11.094,31.159249999999997,12.136857142857142,3.575,18.25993204444914
2023-05-20,5,茄类,33.825,24.067333333333337,20.43857142857143,22.675,27.797437597799522
2023-05-20,5,辣椒类,92.262,156.28625,85.55314285714284,37.853,119.30834232816088
2023-05-20,5,食用菌,82.754,117.94025,68.25800000000001,14.719,99.18502260617656
2023-05-21,6,花叶类,197.446,213.88308333333336,164.0157142857143,154.655,205.09635630380075
2023-05-21,6,花菜类,29.13,37.68458333333334,26.77257142857143,26.494,36.59011990401601
2023-05-21,6,水生根茎类,13.615,25.62708333333333,10.770999999999999,4.691,13.599096069545086
2023-05-21,6,茄类,38.276,24.1965,20.526714285714288,43.426,27.783524323423443
2023-05-21,6,辣椒类,117.485,145.36249999999998,79.34728571428572,45.847,103.63694796300962
2023-05-21,6,食用菌,94.76,100.2435,66.42200000000001,43.484,82.28658766698722
2023-05-22,0,花叶类,154.18,150.58174999999997,163.721,164.269,143.5831611731533
2023-05-22,0,花菜类,14.808,20.598083333333335,24.69942857142857,23.847,18.453520257833937
2023-05-22,0,水生根茎类,8.411,16.36483333333333,10.450285714285714,4.885,8.474349943922945
2023-05-22,0,茄类,25.981,16.23125,21.284142857142857,29.841,18.961189830269706
2023-05-22,0,辣椒类,90.848,94.79449999999999,80.29285714285713,40.385,68.01035319120302
2023-05-22,0,食用菌,70.154,64.34983333333334,66.00528571428572,23.398,52.27602944368023
2023-05-23,1,花叶类,150.721,161.20424999999997,161.26814285714286,92.654,151.36962046874618
2023-05-23,1,花菜类,20.181,22.032416666666666,22.84857142857143,15.361,18.367915132642274
2023-05-23,1,水生根茎类,14.637,13.493583333333333,10.584000000000001,4.437,7.138749926410068
2023-05-23,1,茄类,23.022,15.814499999999997,21.912285714285712,26.0,18.865537894301855
2023-05-23,1,辣椒类,69.361,94.14625000000001,82.03014285714286,35.072,69.0778740843093
2023-05-23,1,食用菌,49.994,66.82708333333333,67.22942857142857,4.6370000000000005,55.18559826783733
2023-05-24,2,花叶类,135.51,161.20875,154.9517142857143,122.403,145.33355989424146
2023-05-24,2,花菜类,15.923,24.28325,22.016,27.64,19.580999597113866
2023-05-24,2,水生根茎类,9.414,15.59291666666667,11.303142857142857,3.3609999999999998,8.891329140501004
2023-05-24,2,茄类,15.749,14.707333333333333,23.175285714285714,29.285,18.410907406850107
2023-05-24,2,辣椒类,62.956,96.15766666666667,80.46828571428571,32.072,69.29943097104929
2023-05-24,2,食用菌,47.818,73.71758333333334,66.15214285714286,14.041,60.10107813360572
2023-05-25,3,花叶类,114.768,140.64158333333333,152.81342857142857,84.787,125.19550326791071
2023-05-25,3,花菜类,14.565,24.408833333333334,21.445857142857143,19.562,19.30897904067031
2023-05-25,3,水生根茎类,13.962,15.391916666666669,10.80614285714286,4.619,8.452886018557182
2023-05-25,3,茄类,21.865,12.858166666666667,23.38285714285714,22.563,16.19710139474684
2023-05-25,3,辣椒类,76.118,87.17358333333334,79.78814285714284,31.823,62.54949464638846
2023-05-25,3,食用菌,50.69,60.25683333333333,65.169,18.698,48.59680233095367
2023-05-26,4,花叶类,154.12,164.72266666666664,153.11057142857143,88.361,147.10920675295935
2023-05-26,4,花菜类,24.236,27.72741666666667,20.286,25.011,20.890096209555225
2023-05-26,4,水生根茎类,20.081,22.234250000000003,11.541857142857143,4.438,13.201612773754903
2023-05-26,4,茄类,18.213,18.99616666666667,24.849999999999998,29.903,25.271002300179696
2023-05-26,4,辣椒类,90.26,112.81108333333334,82.9632857142857,39.188,84.65748221664172
2023-05-26,4,食用菌,53.736,86.93233333333335,65.30242857142858,21.185,70.57515899143915
2023-05-27,5,花叶类,272.537,212.56933333333336,154.93814285714285,86.554,192.92279402288253
2023-05-27,5,花菜类,41.279,33.574000000000005,20.869285714285716,18.568,26.24710863868105
2023-05-27,5,水生根茎类,24.97,28.598416666666665,13.03057142857143,8.858,19.411788470544618
2023-05-27,5,茄类,24.313,25.971166666666672,25.27585714285714,27.341,34.991512629952375
2023-05-27,5,辣椒类,127.658,149.75766666666667,85.61285714285715,31.927,116.91678537597683
2023-05-27,5,食用菌,91.754,115.18083333333333,64.27228571428572,19.308,92.83003577316224
2023-05-28,6,花叶类,262.277,210.08608333333333,168.46885714285713,188.829,206.92248604445496
2023-05-28,6,花菜类,36.971000000000004,36.162416666666665,22.874571428571432,35.114,31.066215805445765
2023-05-28,6,水生根茎类,22.807,23.875,15.012857142857143,8.906,18.7760547409817
2023-05-28,6,茄类,38.881,26.216083333333334,23.916999999999998,54.447,33.22046475967501
2023-05-28,6,辣椒类,131.518,142.67475,90.66942857142858,55.568,118.23049351735933
2023-05-28,6,食用菌,109.635,100.42116666666668,65.558,46.827,82.56355869830644
2023-05-29,0,花叶类,146.434,152.01958333333332,177.73042857142858,178.516,156.68594018938282
2023-05-29,0,花菜类,16.312,20.730333333333334,23.994714285714288,42.403,18.497664133225566
2023-05-29,0,水生根茎类,12.75,15.954833333333333,16.326,7.4399999999999995,13.570033845384422
2023-05-29,0,茄类,28.536,17.659166666666668,24.003428571428568,55.666,22.0679933836862
2023-05-29,0,辣椒类,61.995,94.95816666666666,92.67414285714287,62.521,80.0822367597313
2023-05-29,0,食用菌,53.849,64.77883333333334,67.683,33.517,54.64591551686103
2023-05-30,1,花叶类,156.287,164.10033333333334,176.62385714285713,92.512,167.75512760455146
2023-05-30,1,花菜类,14.652000000000001,21.454333333333334,24.20957142857143,24.336,19.40173620926037
2023-05-30,1,水生根茎类,8.852,12.96241666666667,16.945857142857143,6.684,11.498471469136089
2023-05-30,1,茄类,23.886,17.14908333333333,24.368428571428574,25.618,21.488821326320316
2023-05-30,1,辣椒类,59.897,91.8675,88.55228571428572,31.081,74.29060473056077
2023-05-30,1,食用菌,46.299,65.86975000000001,65.35371428571429,16.585,53.710672534672234
2023-05-31,2,花叶类,136.132,160.9075,177.419,87.827,165.04954566837208
2023-05-31,2,花菜类,16.723,23.611833333333333,23.419714285714292,15.854,20.736450832618324
2023-05-31,2,水生根茎类,7.86,15.065083333333334,16.11942857142857,6.611,12.763130290022346
2023-05-31,2,茄类,17.471,15.22775,24.491857142857146,18.11,19.02162158228681
2023-05-31,2,辣椒类,61.96,92.57849999999998,87.20028571428573,38.356,74.06832032068338
2023-05-31,2,食用菌,46.711,71.55933333333334,64.82585714285713,39.474,58.09954767182255
2023-06-01,3,花叶类,136.982,139.28883333333332,177.50785714285715,90.488,142.89883153368987
2023-06-01,3,花菜类,19.364,23.274083333333333,23.53400000000001,22.234,20.63811181385138
2023-06-01,3,水生根茎类,9.741,14.744166666666667,15.897428571428572,5.084,12.419851447175752
2023-06-01,3,茄类,18.475,14.049583333333333,24.73785714285714,21.105,17.627274795044087
2023-06-01,3,辣椒类,67.854,84.00816666666667,87.058,43.718,67.46047031625399
2023-06-01,3,食用菌,44.867,59.24183333333334,64.66771428571428,35.603,48.08968064469524
2023-06-02,4,花叶类,161.142,164.88749999999996,180.6812857142857,112.624,172.35294473934687
2023-06-02,4,花菜类,16.172,26.837500000000002,24.21957142857143,20.605,24.651700181112254
2023-06-02,4,水生根茎类,11.988,21.486500000000003,15.294428571428572,11.33,17.61305212786674
2023-06-02,4,茄类,22.501,19.35525,24.25357142857143,34.716,23.74744432735736
2023-06-02,4,辣椒类,72.847,109.59791666666666,85.87742857142858,47.188,87.36199517158119
2023-06-02,4,食用菌,68.385,83.87816666666667,63.835857142857144,36.405,67.6418565353366
2023-06-03,5,花叶类,222.081,221.62091666666666,181.68442857142855,185.595,232.98274582248112
2023-06-03,5,花菜类,33.243,34.19983333333334,23.067571428571426,29.489,30.143709511170076
2023-06-03,5,水生根茎类,29.041,27.842749999999995,14.138285714285715,14.235,21.37888813344012
2023-06-03,5,茄类,39.399,26.944999999999997,24.866142857142854,59.95,33.707406280426966
2023-06-03,5,辣椒类,123.664,148.53741666666664,83.38985714285714,69.903,115.80101426424876
2023-06-03,5,食用菌,94.541,114.05616666666664,65.92857142857143,61.149,95.4877038683268
2023-06-04,6,花叶类,215.285,217.06825,174.47642857142858,113.331,218.53096409740675
2023-06-04,6,花菜类,25.117,35.268416666666674,21.91957142857143,13.898,29.72093422622888
2023-06-04,6,水生根茎类,21.047,23.160083333333336,14.719857142857142,5.135,18.541076096099765
2023-06-04,6,茄类,34.741,28.14441666666667,27.021285714285714,39.752,37.75994626654373
2023-06-04,6,辣椒类,123.69800000000001,142.60591666666667,82.81928571428571,38.876,110.5157187755936
2023-06-04,6,食用菌,95.926,102.53183333333334,66.32671428571429,27.698,86.2334109115016
2023-06-05,0,花叶类,145.142,155.30425,167.76328571428573,102.505,149.29871653741858
2023-06-05,0,花菜类,22.57,20.159166666666668,20.226142857142857,21.97,15.662759728633173
2023-06-05,0,水生根茎类,12.58,15.483083333333333,14.468428571428571,10.109,12.164066706150537
2023-06-05,0,茄类,19.989,19.194083333333335,26.429857142857145,42.328,24.850507547362003
2023-06-05,0,辣椒类,74.896,92.07366666666665,81.70214285714285,41.001,70.19439804032945
2023-06-05,0,食用菌,49.192,64.68466666666667,64.3682857142857,41.369,52.49323738721512
2023-06-06,1,花叶类,152.439,166.67016666666666,167.57871428571428,104.547,159.84841543352633
2023-06-06,1,花菜类,21.351,20.0745,21.12014285714286,23.309,16.346648728636158
2023-06-06,1,水生根茎类,14.408,12.071583333333335,14.444142857142856,5.253,9.50788773560883
2023-06-06,1,茄类,19.081,18.433833333333332,25.208857142857145,37.312,22.62180546500868
2023-06-06,1,辣椒类,84.745,88.48916666666666,83.54514285714285,40.803,69.16660287434343
2023-06-06,1,食用菌,56.608,63.73158333333333,63.702999999999996,26.543,51.348982693854886
2023-06-07,2,花叶类,135.735,162.26791666666668,167.029,105.767,154.79463172496006
2023-06-07,2,花菜类,11.835,23.157083333333336,22.07714285714286,20.909,19.718239202074074
2023-06-07,2,水生根茎类,14.142,14.227916666666667,15.237857142857141,6.311999999999999,11.847170758339024
2023-06-07,2,茄类,17.873,15.897499999999999,24.52242857142857,23.212,18.879499779536463
2023-06-07,2,辣椒类,66.121,88.98416666666667,87.09485714285714,38.975,72.66243677954553
2023-06-07,2,食用菌,44.446,70.00108333333334,65.17571428571429,28.139,57.77571771361131
2023-06-08,3,花叶类,119.287,140.59266666666667,166.97228571428573,113.862,133.94970607054034
2023-06-08,3,花菜类,15.446,23.033999999999995,21.378857142857147,17.046,19.0781848327983
2023-06-08,3,水生根茎类,9.254,13.698916666666667,16.13528571428571,6.7250000000000005,12.138488125471145
2023-06-08,3,茄类,24.509,14.94325,24.57985714285714,27.37,17.691456836178325
2023-06-08,3,辣椒类,76.363,80.84133333333334,87.6892857142857,40.958999999999996,66.73999211437291
2023-06-08,3,食用菌,49.993,59.240083333333324,64.85214285714287,28.048,48.65436294164723
2023-06-09,4,花叶类,140.024,167.32208333333332,164.44442857142855,281.247,157.1286237533274
2023-06-09,4,花菜类,13.684,27.14991666666667,20.819142857142857,21.532,21.87004962770241
2023-06-09,4,水生根茎类,15.815999999999999,20.6845,16.065714285714286,5.2410000000000005,18.38798082927685
2023-06-09,4,茄类,21.798,20.061666666666667,25.441857142857145,35.271,24.446959128510372
2023-06-09,4,辣椒类,74.296,103.14683333333335,88.90485714285715,41.651,87.00771487071958
2023-06-09,4,食用菌,55.465,83.62416666666667,65.58442857142856,27.768,69.6669108919034
2023-06-10,5,花叶类,240.235,221.56416666666667,161.4275714285714,115.093,205.32701565513358
2023-06-10,5,花菜类,26.766,35.65325000000001,20.463714285714286,13.058,28.255151197651447
2023-06-10,5,水生根茎类,19.118,27.055333333333337,16.612571428571428,9.447000000000001,25.221769456712742
2023-06-10,5,茄类,38.116,28.544,25.34142857142857,38.776,34.61691081159425
2023-06-10,5,辣椒类,146.968,143.87133333333333,89.11185714285716,37.531,123.0090391090867
2023-06-10,5,食用菌,98.844,112.20341666666666,63.73871428571427,27.152,91.63845839589918
2023-06-11,6,花叶类,213.908,218.67774999999997,164.021,195.647,205.32812338065656
2023-06-11,6,花菜类,25.472,35.7335,19.538428571428568,34.691,26.954433708353474
2023-06-11,6,水生根茎类,21.247,22.137833333333333,15.195000000000002,9.209,19.04508097177453
2023-06-11,6,茄类,43.303,29.516999999999996,25.15814285714286,48.32,35.16690217656849
2023-06-11,6,辣椒类,119.69,139.80066666666667,92.441,61.054,124.13166754732589
2023-06-11,6,食用菌,79.626,101.41966666666667,64.35342857142857,36.533,83.75437871701509
2023-06-12,0,花叶类,127.399,156.14158333333333,163.8242857142857,166.51500000000001,145.70334785037235
2023-06-12,0,花菜类,17.143,21.157,19.589142857142857,29.698,15.899079773395629
2023-06-12,0,水生根茎类,10.351,14.996583333333334,15.223571428571427,10.588000000000001,12.90279120902928
2023-06-12,0,茄类,23.087,19.844166666666666,26.381285714285713,49.505,24.392668142958538
2023-06-12,0,辣椒类,67.12,90.48441666666666,91.86842857142857,67.529,79.62659803486846
2023-06-12,0,食用菌,36.153999999999996,64.15675,62.02485714285714,49.293,50.88995241849274
2023-06-13,1,花叶类,140.865,167.70041666666665,161.28957142857143,116.051,154.19194279289158
2023-06-13,1,花菜类,10.189,21.09741666666667,18.81385714285714,23.638,15.174654816509866
2023-06-13,1,水生根茎类,12.054,12.471249999999998,14.905142857142854,3.944,10.500728508697517
2023-06-13,1,茄类,17.659,19.044,26.823857142857143,33.306,23.66302942684868
2023-06-13,1,辣椒类,84.891,86.879,90.75757142857142,29.923,75.82753479458279
2023-06-13,1,食用菌,54.24,64.54599999999999,60.16228571428571,35.014,49.73672884189832
2023-06-14,2,花叶类,115.605,159.26175,159.63614285714286,110.671,145.2165153083693
2023-06-14,2,花菜类,9.175,23.336416666666665,17.219285714285714,23.587,15.359167036200768
2023-06-14,2,水生根茎类,7.284,13.932833333333335,14.568857142857143,14.604000000000001,11.507351348680986
2023-06-14,2,茄类,28.361,16.717166666666667,26.620714285714282,29.762,20.512936607278668
2023-06-14,2,辣椒类,82.127,85.6975,90.77842857142856,29.213,74.97911962178975
2023-06-14,2,食用菌,43.778,66.88108333333334,59.824000000000005,16.266,51.448692480371975
2023-06-15,3,花叶类,118.42,134.624,156.76042857142858,105.84,121.11915013432677
2023-06-15,3,花菜类,9.804,21.68916666666667,16.83928571428571,18.931,14.094116270927326
2023-06-15,3,水生根茎类,16.733,12.31,13.589142857142859,5.184,9.595973925814771
2023-06-15,3,茄类,15.908,15.994666666666665,28.118999999999996,33.776,20.557615596984444
2023-06-15,3,辣椒类,63.624,78.68716666666667,93.06499999999998,39.656,70.73184500630238
2023-06-15,3,食用菌,34.886,55.91658333333334,59.728571428571435,26.243,43.230285136987526
2023-06-16,4,花叶类,172.11,159.10908333333336,156.63657142857144,109.346,144.13937254285773
2023-06-16,4,花菜类,22.692,24.282500000000002,16.033285714285714,18.079,15.274829957253832
2023-06-16,4,水生根茎类,15.49,18.16375,14.65757142857143,5.3469999999999995,15.563336450952967
2023-06-16,4,茄类,24.133,20.496833333333335,26.89028571428571,35.463,25.20154842659789
2023-06-16,4,辣椒类,86.159,96.14816666666667,91.24514285714285,49.711999999999996,85.60710486475675
2023-06-16,4,食用菌,58.503,76.85241666666667,57.57042857142858,32.228,58.120639315385134
2023-06-17,5,花叶类,244.334,217.4941666666667,161.2202857142857,118.682,204.33296212294405
2023-06-17,5,花菜类,26.791,32.949000000000005,17.320142857142855,27.301,22.7522740966991
2023-06-17,5,水生根茎类,22.626,24.237166666666667,14.611,6.5489999999999995,21.21731475576373
2023-06-17,5,茄类,46.628,29.257,27.22385714285714,36.326,36.519393977878366
2023-06-17,5,辣椒类,169.193,140.5703333333333,92.93985714285715,47.1,128.88701746183503
2023-06-17,5,食用菌,93.35,108.13316666666667,58.00442857142857,36.568,83.48027763612014
2023-06-18,6,花叶类,253.447,215.88958333333332,161.80585714285715,191.228,203.60213382170411
2023-06-18,6,花菜类,23.098,33.739583333333336,17.323714285714285,29.834,23.538740106288497
2023-06-18,6,水生根茎类,23.373,20.42775,15.112142857142857,18.483999999999998,18.734625432397625
2023-06-18,6,茄类,54.553,30.931583333333332,28.439857142857143,47.584,39.92136097562188
2023-06-18,6,辣椒类,149.877,135.32991666666666,96.11485714285716,79.94,128.37937417657184
2023-06-18,6,食用菌,72.039,97.62858333333332,57.219571428571435,50.206,74.70171591163755
2023-06-19,0,花叶类,128.701,150.4529166666667,167.45428571428576,187.623,146.2955493899082
2023-06-19,0,花菜类,12.363,19.45508333333333,16.98457142857143,31.956,13.394018988606177
2023-06-19,0,水生根茎类,11.51,13.943333333333333,15.415857142857144,15.541,13.041290560607624
2023-06-19,0,茄类,21.207,20.982166666666664,30.047,40.858,27.974146408141113
2023-06-19,0,辣椒类,77.049,86.13725,100.42728571428572,79.311,85.09403647871497
2023-06-19,0,食用菌,43.293,61.002,56.13571428571428,49.153,45.80570643063669
2023-06-20,1,花叶类,126.228,163.34550000000002,167.6402857142857,123.54,159.67198711742927
2023-06-20,1,花菜类,13.919,18.96291666666667,16.301714285714286,26.02,12.663997961282181
2023-06-20,1,水生根茎类,11.657,12.467583333333332,15.581428571428573,8.896,11.790928898270508
2023-06-20,1,茄类,21.592,19.623749999999998,29.77842857142857,27.416,25.795603842536703
2023-06-20,1,辣椒类,66.666,84.39491666666667,101.8457142857143,46.065,84.89973577672095
2023-06-20,1,食用菌,39.223,62.32575,57.15557142857142,35.656,47.91764643658679
2023-06-21,2,花叶类,126.263,154.66858333333334,165.54928571428573,110.973,149.73604803942987
2023-06-21,2,花菜类,16.697,21.820333333333334,16.83457142857143,22.014,15.141283935318619
2023-06-21,2,水生根茎类,27.178,13.064083333333334,15.524714285714285,6.063,12.360533213021114
2023-06-21,2,茄类,24.123,18.069499999999998,30.340285714285717,27.152,24.088929600337117
2023-06-21,2,辣椒类,91.365,82.11749999999999,99.24214285714285,32.467,81.01635102434362
2023-06-21,2,食用菌,63.364,63.09666666666667,55.010285714285715,29.804,47.04086545051714
2023-06-22,3,花叶类,171.919,129.52166666666668,167.07185714285714,108.759,126.98480380838221
2023-06-22,3,花菜类,17.912,20.04883333333333,17.909142857142857,23.449,14.887261345846712
2023-06-22,3,水生根茎类,38.77,11.583166666666665,18.366714285714288,13.806000000000001,12.950514003705745
2023-06-22,3,茄类,33.866,16.41175,29.734857142857134,22.451,21.304848227188025
2023-06-22,3,辣椒类,114.288,74.98358333333334,100.56185714285714,35.161,75.10040188953444
2023-06-22,3,食用菌,77.476,52.925000000000004,57.80828571428572,28.097,41.51084136841747
2023-06-23,4,花叶类,178.718,156.55825000000002,174.71457142857145,84.617,160.83634062012973
2023-06-23,4,花菜类,9.279,23.398416666666666,19.06742857142857,14.583,18.630281803605648
2023-06-23,4,水生根茎类,18.677,17.581333333333333,21.514857142857146,5.402,22.77504705033341
2023-06-23,4,茄类,25.398,20.974416666666666,32.300285714285714,17.152,29.35677416398344
2023-06-23,4,辣椒类,88.349,90.55625000000002,107.79957142857143,29.211000000000002,97.6462106054918
2023-06-23,4,食用菌,55.417,72.92883333333334,63.89257142857143,28.488,63.4898829889541
2023-06-24,5,花叶类,161.495,216.69674999999998,175.65857142857143,104.325,224.9258652860906
2023-06-24,5,花菜类,11.548,32.81,17.151285714285713,17.64,23.709689940833155
2023-06-24,5,水生根茎类,16.054,22.724666666666664,21.970142857142857,25.878,30.511816359346245
2023-06-24,5,茄类,28.369,31.278999999999996,32.481,22.836,43.960273129151126
2023-06-24,5,辣椒类,94.187,139.068,108.11242857142858,33.789,152.06230090266897
2023-06-24,5,食用菌,54.18,106.56258333333334,63.45171428571429,29.265,92.92924857875202
2023-06-25,6,花叶类,108.895,215.00658333333334,163.82442857142857,155.786,209.54727901049938
2023-06-25,6,花菜类,10.681,31.608166666666673,14.973714285714285,22.426,20.293949492473875
2023-06-25,6,水生根茎类,16.5,19.871583333333334,21.031285714285712,40.332,25.785898298847535
2023-06-25,6,茄类,23.315,33.79908333333333,29.87257142857143,28.57,43.51525180814356
2023-06-25,6,辣椒类,69.658,132.86483333333334,97.39728571428573,39.414,132.14700026497079
2023-06-25,6,食用菌,35.271,93.61325000000001,57.856,47.569,75.19557369012288
2023-06-26,0,花叶类,80.524,148.73125000000002,143.17414285714284,163.919,127.02279210644426
2023-06-26,0,花菜类,8.083,18.780416666666664,13.199857142857143,36.32,10.679233068158156
2023-06-26,0,水生根茎类,10.384,13.616166666666667,20.04942857142857,31.364,16.831551729453007
2023-06-26,0,茄类,21.224,21.731416666666664,25.41,33.783,23.673065585210516
2023-06-26,0,辣椒类,72.185,83.79041666666666,85.93742857142857,43.418,73.82995311860172
2023-06-26,0,食用菌,39.582,58.395250000000004,52.60342857142858,54.309,42.90809944185466
2023-06-27,1,花叶类,127.278,161.6999166666667,136.29171428571428,105.20700000000001,132.03289590765684
2023-06-27,1,花菜类,14.272,18.579583333333332,12.58842857142857,21.772000000000002,10.126233706460674
2023-06-27,1,水生根茎类,16.454,12.204333333333336,19.88857142857143,12.659,15.010858857566536
2023-06-27,1,茄类,8.415,20.132666666666665,25.41242857142857,21.427,21.873770325682568
2023-06-27,1,辣椒类,67.12,82.25091666666667,85.24257142857144,28.076999999999998,72.05335331353452
2023-06-27,1,食用菌,38.708,58.947999999999986,52.07328571428571,26.887,43.14675623495733
2023-06-28,2,花叶类,130.182,154.31758333333335,136.44171428571428,133.899,126.17052606541844
2023-06-28,2,花菜类,16.069,21.006750000000004,12.638857142857143,23.307,11.562745114087747
2023-06-28,2,水生根茎类,14.946,13.408166666666666,20.573857142857143,19.501,17.137425174420947
2023-06-28,2,茄类,15.651,19.36583333333333,23.529999999999998,13.137,19.48344055846382
2023-06-28,2,辣椒类,68.534,81.29483333333333,85.30742857142857,28.268,71.54872330416923
2023-06-28,2,食用菌,53.742,61.201000000000015,51.99971428571429,39.702,45.06618832035959
2023-06-29,3,花叶类,135.09,128.86533333333335,137.00157142857145,156.09,106.1436367865541
2023-06-29,3,花菜类,24.367,19.381083333333336,12.549142857142856,40.424,10.642964602535192
2023-06-29,3,水生根茎类,22.945,13.717833333333337,18.826428571428572,16.118,16.024225266823517
2023-06-29,3,茄类,11.511,18.01275,22.319714285714287,26.758,17.181874005776116
2023-06-29,3,辣椒类,89.113,77.32325000000002,82.04585714285714,21.954,65.58429154524059
2023-06-29,3,食用菌,48.314,54.09166666666667,50.62514285714286,39.934,38.8377125980254
2023-06-30,4,花叶类,130.464,154.04375000000002,131.7402857142857,127.274,122.61438342376822
2023-06-30,4,花菜类,28.087,21.288,13.471285714285713,47.528,12.611927342970564
2023-06-30,4,水生根茎类,19.419,17.291,16.565714285714282,10.625,17.763117254663246
2023-06-30,4,茄类,24.53,21.32975,19.12614285714286,21.969,17.514756350450806
2023-06-30,4,辣椒类,82.286,86.40166666666666,78.44942857142857,29.259,70.46944363545774
2023-06-30,4,食用菌,39.572,68.81816666666667,46.45914285714286,38.627,45.75205685128971
